candle_size,gap_size,percentage,weekday,target
0.0587986761495669,0.0153047989623902,0.1635455699277359,2,1
0.0814731356946694,0.0661478599221833,0.2229109957939662,2,1
0.0765439053587775,0.0326848249027292,0.2085424332656691,2,1
0.0683754665164425,0.0337224383917036,0.1854842013769141,3,1
0.0871769593690585,0.058625162127113,0.2328717658123822,3,0
0.0887261460460531,0.0814526588845677,0.2405608715110937,2,1
0.0461939300049292,0.0199740596627809,0.1301299929376566,4,1
0.1133018801492852,0.0051880674448838,0.3008976067586196,2,1
0.029504964439124,0.02697795071337,0.0838714054743553,0,1
0.0522498415604534,0.0088197146562942,0.1415169572044901,1,1
0.0583761706922047,0.0254215304799024,0.1566982117496876,1,1
0.029645799591578,0.052140077821017,0.0820472283680693,0,1
0.0543623688472642,0.0669260700389142,0.1443765886575256,0,1
0.0901344975705936,0.0430609597924851,0.2297807104812347,3,1
0.0973170903457503,0.0456549935149211,0.2472488896334557,3,1
0.1183015280614041,0.0791180285343752,0.2919413752112389,0,1
0.2281529469755651,0.1968871595330767,0.5519122760923614,0,1
0.1887895218646574,0.1245136186770469,0.4564924517633776,0,1
0.2160411238645166,0.0498054474708246,0.5155900550088998,3,1
0.2444898246602352,0.2054474708171215,0.5694033281962021,3,1
0.3892683613830012,0.3123216601815859,0.8897663948558314,3,1
0.1668192380818252,0.1468223086900144,0.3978798993614723,1,1
0.2590662629392297,0.4054474708171274,0.6044319443469861,3,1
0.2047038940919653,0.1590142671854754,0.4724436929711221,2,1
0.1192873741285825,0.0194552529182937,0.2772850296840027,1,1
0.112808957115696,0.0518806744487734,0.2620774539239221,1,1
0.0997817055136962,0.0645914396887217,0.2329526937006244,2,1
0.182381522427998,0.2378728923476071,0.4156391979017445,3,1
0.0988662770227448,0.0798962386511061,0.2246863266566836,0,1
0.2385043306809379,0.212191958495467,0.5409895249399014,3,1
0.099288782480107,0.0765239948119392,0.2261120424113457,3,1
0.1084430673896204,0.0010376134889803,0.2493115740145054,1,1
0.0728117738187451,0.0072632944228326,0.1741640533706517,0,1
0.1568903598338145,0.0025940337224419,0.3666905032565428,1,1
0.1721709738750792,0.3289234760051941,0.4011868222198699,1,1
0.0997112879374692,0.0601815823605746,0.2335877857090069,3,1
0.0690796422787127,0.007003891050589,0.1645595994553659,1,1
0.1244982747693824,0.1385214007782132,0.2927084558088336,1,1
0.1098514189141609,0.0959792477302271,0.2580234117870155,1,1
0.096542497007253,0.1066147859922207,0.2262844474451846,3,1
0.0749947186817829,0.0267185473411205,0.1757145486503173,4,0
0.088514893317372,0.0503242542153118,0.2060984503489627,0,1
0.0757693120202802,0.0433203631647287,0.1758127261209864,0,1
0.1496373494824308,0.145006485084315,0.3462436281095188,1,0
0.1574537004436307,0.0697795071335997,0.3626117398599147,1,1
0.1051334413069502,0.0261997405966332,0.2417356529778419,3,1
0.1614675022885712,0.1561608300907958,0.3674939584876016,3,0
0.1389338778959228,0.0863813229572079,0.3191917436343048,3,1
0.1235828462784311,0.0197146562905373,0.2751880772173382,4,0
0.0514048306457291,0.0531776913099914,0.116990388683012,2,1
0.0729526089711992,0.0015564202334675,0.1650302341580634,2,1
0.0690092247024857,0.0326848249027292,0.156556322527112,4,1
0.0718259277515667,0.0383916990920943,0.1617312553495162,0,1
0.0971762551932962,0.0383916990920943,0.2177423656115419,0,0
0.0920357721287233,0.0565499351491642,0.2119485535328326,4,1
0.0415463699739455,0.0090791180285437,0.1012356329189415,1,1
0.0526723470178156,0.021789883268492,0.1271417704403963,1,1
0.2123089923244842,0.5981841763943007,0.4942737481446154,4,1
0.2220970354200409,0.0399481193255559,0.5163003821039887,4,1
0.072530103513837,0.0225680933852228,0.1689867115157617,0,0
0.0609816210126047,0.0018158236057111,0.1427221585573716,1,1
0.056545313710302,0.0658884565499397,0.1314142158321379,2,1
0.0872473769452855,0.0622568093385234,0.2012030661933058,2,1
0.1009083867333286,0.1068741893644643,0.2311700256706044,2,1
0.0868248714879234,0.1647211413748406,0.1948477041606062,0,1
0.1015421449193718,0.13151750972763,0.2256731343808045,3,0
0.1409055700302796,0.0734111543450101,0.3089545794974156,3,1
0.0683754665164425,0.0474708171206322,0.1482348243408741,2,1
0.1423139215548201,0.0015564202334734,0.2989250970898046,2,1
0.1109781001337934,0.1260700389105085,0.231419650966994,2,1
0.0714034222942046,0.0539559014267223,0.1548484690647006,3,1
0.0665446095345398,0.0609597924773113,0.1434587184553638,2,1
0.128864164495458,0.0570687418936514,0.2736421997483074,4,1
0.1056263643405394,0.0876783398184259,0.2214117447460241,1,1
0.112597704387015,0.0093385214007814,0.2355907090010013,1,0
0.0905570030279557,0.0949416342412527,0.1914218780549306,2,1
0.0906978381804098,0.101167315175105,0.1914070789211059,2,1
0.0418280402788536,0.0184176394293193,0.0881514278228717,1,1
0.0380959087388212,0.0067444876783454,0.0807732669358097,0,1
0.0180973170903457,0.0101167315175181,0.0385502299319922,4,1
0.0310541511161185,0.0178988326848321,0.0665056276901041,0,1
0.1316808675445391,0.0964980544747143,0.2805688826584147,1,1
0.1524540525315119,0.263813229571991,0.3235790554989298,1,1
0.0460530948524751,0.0643320363164781,0.1001337576506681,0,1
0.0167593831420322,0.0103761348897617,0.0360629703892301,1,1
0.0706992465319343,0.0459143968871647,0.1504521921518783,3,1
0.0478839518343778,0.0225680933852228,0.101628464702332,0,1
0.0439405675656644,0.0274967574578513,0.1012810169432773,1,1
0.0749947186817829,0.08119325551233,0.1705788273547012,2,1
0.0387296669248644,0.0233463035019536,0.0887497337789276,1,1
0.040349271178086,0.0355382619974088,0.0923260472738811,1,1
0.0372508978240969,0.0072632944228385,0.0851228166002277,3,1
0.1392859657770579,0.0578469520103822,0.313241391572679,4,1
0.0378142384339131,0.0189364461738065,0.0853663003121336,1,1
0.0753468065629181,0.0549935149157026,0.1687536627679159,1,1
0.0691500598549398,0.0453955901426834,0.1546895668885266,1,1
0.0766143229350045,0.0251621271076588,0.1695233586076273,2,1
0.1008379691571016,0.0876783398184259,0.2221031720531972,2,1
0.1098514189141609,0.1141374837872969,0.242872045399552,3,1
0.1140764734877825,0.1055771725032521,0.2555632184372193,3,1
0.0991479473276529,0.1629053177691354,0.2419269034287098,0,1
0.1041475952397718,0.0041504539559035,0.258849033920897,4,1
0.0642912470952749,0.0238651102464408,0.1613733858790916,2,1
0.0774593338497289,0.0570687418936514,0.1930314016516459,2,1
0.0502077318498697,0.0181582360570698,0.1327971418013133,4,1
0.1175973522991338,0.0601815823605805,0.299560090819452,1,1
0.0289416238293077,0.0230869001297041,0.0780657304263662,2,1
0.0642912470952749,0.0762645914396956,0.1661053910938927,3,1
0.0695725653123019,0.0516212710765298,0.1776745186208133,1,0
0.0658404337722695,0.0466926070038955,0.166772019074182,2,1
0.1025279909865502,0.1071335927367079,0.2549398085814264,3,1
0.0887261460460531,0.0516212710765298,0.2148515680032262,3,1
0.0531652700514048,0.0357976653696583,0.1306552650333088,4,1
0.1042884303922259,0.0197146562905373,0.2524788652188754,0,1
0.0895711569607774,0.1097276264591498,0.214567111283647,1,0
0.1101330892190691,0.0858625162127207,0.263288433031735,0,1
0.0612632913175128,0.0285343709468257,0.1516136499436284,4,1
0.0652066755862263,0.0246433203631716,0.1604938778093411,0,1
0.0535173579325399,0.0007782101167367,0.1312545124666836,1,1
0.1175973522991338,0.0542153047989659,0.2816448639208664,1,1
0.0935145412294908,0.0581063553826258,0.2247927115062329,3,1
0.0918949369762693,0.0191958495460501,0.2202296520737413,3,1
0.0489402154777832,0.007003891050589,0.1166952631988658,0,1
0.0395746778395887,0.0049286640726402,0.0942247851969004,1,1
0.0820364763044856,0.0103761348897617,0.1916841036359968,2,1
0.099359200056334,0.0791180285343752,0.234339765309218,2,1
0.0279557777621294,0.0243839169909221,0.0670182895986689,3,1
0.0910499260615449,0.2025940337224419,0.2112943229927487,3,1
0.0454193366664319,0.010894941634243,0.1054535856318027,4,1
0.061756214351102,0.1198443579766562,0.1424827822533303,4,1
0.0628828955707344,0.0015564202334675,0.15318496455164,4,1
0.0280966129145834,0.0254215304799024,0.0700923027882435,2,1
0.1760439405675656,0.3717250324254238,0.4167650617996608,3,1
0.169002182944863,0.0500648508430682,0.3994826663584639,3,1
0.0345750299274699,0.0695201037613502,0.0826214597318355,0,1
0.0702767410745722,0.036057068741896,0.165316605120409,1,1
0.1185127807900852,0.1750972762645965,0.2754915224718505,1,1
0.045771424547567,0.034760051880678,0.1070350853863258,4,1
0.0757693120202802,0.0752269779507212,0.1748772516253449,0,1
0.0609816210126047,0.0194552529182937,0.1408127765838106,0,1
0.0316174917259347,0.0137483787289345,0.0739829257038418,2,1
0.0638687416379128,0.0134889753566909,0.1477332999825241,1,1
0.029504964439124,0.0054474708171274,0.0685250116072548,1,0
0.0898528272656855,0.1281452658884632,0.2070099884898338,3,1
0.1109781001337934,0.0420233463035048,0.2519894691359925,1,1
0.118019857756496,0.2204928664072681,0.2676127953888416,1,1
0.0914724315189071,0.1966277561608331,0.2052387648887175,3,1
0.0792901908316315,0.0661478599221892,0.1765696211202386,0,1
0.0535173579325399,0.0308690012970181,0.1214981007274093,0,1
0.0228857122737835,0.0090791180285437,0.0562673290838541,3,1
0.0200690092247024,0.0085603112840506,0.0491214261793283,4,0
0.0332370959791564,0.0031128404669291,0.0798289218640437,4,1
0.0201394268009295,0.026977950713364,0.048872305787352,1,0
0.1183719456376311,0.1787289234760128,0.2720098373326961,2,1
0.1083022322371664,0.1097276264591498,0.2487618118544305,2,1
0.0426730511935779,0.0150453955901466,0.0986974809164673,0,1
0.0378846560101401,0.0072632944228385,0.0875646583824278,0,1
0.0623195549609182,0.0168612191958577,0.1431207327475573,4,1
0.0791493556791775,0.1307392996108992,0.1808823737433467,4,1
0.0382367438912752,0.0282749675745821,0.0878844003766334,2,1
0.059080346454475,0.0153047989623961,0.1344100813423778,2,1
0.1188648686712203,0.2544747081712095,0.2685753914252302,4,1
0.0458418421237941,0.0103761348897617,0.1036415305946899,0,1
0.0309133159636645,0.007003891050589,0.0697227036645821,1,0
0.0551369621857615,0.07730220492867,0.1234901770945994,1,1
0.0733751144285613,0.0736705577172537,0.1636819633732458,1,1
0.0661221040771776,0.0108949416342489,0.147169239380151,1,1
0.0168298007182592,0.0155642023346338,0.0403800719140221,1,1
0.0172523061756214,0.0197146562905373,0.0414051458221165,2,1
0.0488697979015562,0.0881971465629131,0.1137010639180197,3,1
0.0435884796845292,0.0041504539559094,0.1014567976943882,3,1
0.0466868530385184,0.0817120622568113,0.1081009112154236,4,1
0.0661221040771776,0.0080415045395634,0.1535081472854776,1,1
0.0278149426096753,0.0166018158236082,0.0673656396378812,2,0
0.0611224561650588,0.0111543450064925,0.1455050417535763,3,1
0.0252799098655024,0.0215304798962484,0.0620998558566318,2,1
0.026899514118724,0.0189364461738065,0.0655867879749604,3,1
0.1087951552707555,0.0409857328145304,0.2565474584273778,4,1
0.0983029364129286,0.1878080415045448,0.2319543603163894,4,1
0.0176043940567565,0.026977950713364,0.0431680508983528,0,1
0.0298570523202591,0.0306095979247804,0.0715199577479956,0,1
0.0255615801704105,0.0012970168612298,0.0612675300045711,1,0
0.0463347651573832,0.026977950713364,0.1090022328929987,1,1
0.0182381522427998,0.0033722438391727,0.0435886164010158,4,1
0.0442926554467995,0.025680933852146,0.1033670245107998,4,1
0.0466164354622913,0.0153047989623961,0.1085171138773691,4,1
0.0454897542426589,0.029571984435806,0.10571914926828,4,1
0.0721075980564749,0.0440985732814595,0.1645003818779006,4,1
0.0723188507851559,0.025680933852146,0.1649098672644698,4,1
0.0526723470178156,0.0518806744487734,0.1204476777259062,3,0
0.0145060207027674,0.0051880674448838,0.034220956079045,1,1
0.0539398633899021,0.0108949416342489,0.1214500068935075,3,1
0.0625308076895993,0.0788586251621316,0.1403097968427022,3,1
0.1092880783043447,0.1914396887159552,0.2455111302285447,3,1
0.0869657066403774,0.0365758754863891,0.1947640599009899,3,1
0.037532568129005,0.0155642023346338,0.084096067728715,3,1
0.067107950144356,0.1499351491569435,0.1490995426879667,4,1
0.0352087881135131,0.0018158236057111,0.0789845000399463,0,1
0.0174635589043025,0.0023346303501983,0.0389455420761053,0,1
0.0267586789662699,0.0370946822308763,0.0592994966432546,0,1
0.0945003872966692,0.1940337224383971,0.2073005399716755,0,1
0.1756214351102035,0.1569390402075266,0.3817023840471902,1,1
0.1140764734877825,0.1156939040207585,0.2478350662029598,3,1
0.1266108020561932,0.1976653696498075,0.2720598846831087,0,1
0.109992254066615,0.0708171206225741,0.234668945447618,1,1
0.0887261460460531,0.0622568093385293,0.188475768764592,3,1
0.0547848743046264,0.0106355382620053,0.1147113099171088,4,0
0.0416167875501725,0.0446173800259467,0.088989243538595,2,1
0.072389268361383,0.0928664072633038,0.1554191914722332,4,1
0.1322442081543553,0.2900129701686125,0.2903174908616558,0,1
0.0225336243926484,0.0282749675745821,0.0515283256042953,2,1
0.0245757341032321,0.0127107652399541,0.055936521154086,3,0
0.0548552918808534,0.052140077821017,0.1234176177527434,0,1
0.0347158650799239,0.0357976653696524,0.077862743949776,1,1
0.0549257094570805,0.0088197146563001,0.1226471206940255,1,1
0.0249982395605943,0.0111543450064925,0.055541881285832,3,0
0.0180268995141187,0.0168612191958518,0.0395348612976533,0,1
0.0749947186817829,0.0293125810635624,0.1679484655707507,3,1
0.0213365255967889,0.0028534370946855,0.0484938651338391,3,1
0.053728610661221,0.0389105058365815,0.1223466644065265,4,1
0.0704175762270262,0.0402075226977996,0.159122266049702,2,1
0.0621083022322371,0.0204928664072681,0.139458376409929,2,1
0.0199281740722484,0.0114137483787361,0.0450567461175338,3,1
0.0302795577776213,0.0142671854734158,0.068389263523795,4,1
0.0714738398704316,0.0046692607003966,0.159459345919565,4,0
0.091190761213999,0.2166018158236141,0.2028226204578675,4,1
0.02415322864587,0.0246433203631716,0.054883625323864,1,1
0.0378846560101401,0.0178988326848321,0.0852035767597874,2,1
0.0676008731779452,0.0998702983138811,0.1506771374879938,2,1
0.0275332723047672,0.0036316472114222,0.0615185644504055,0,0
0.0529540173227237,0.0329442282749728,0.1175642343209193,0,1
0.0184494049714808,0.0116731517509797,0.0427417368062638,2,1
0.0971762551932962,0.1094682230869062,0.2237640320879484,3,1
0.01633687768467,0.005706874189371,0.0386238279643183,4,1
0.0380959087388212,0.0150453955901466,0.0881231086961531,4,1
0.0193648334624322,0.0287937743190693,0.0455612037878447,0,1
0.0282374480670375,0.0236057068741972,0.065736094320796,0,1
0.0166889655658052,0.014785992217903,0.0389906956724954,1,1
0.0232378001549186,0.007003891050589,0.0539298916078827,2,1
0.0083796915710161,0.0088197146562942,0.0198507074798065,4,0
0.0539398633899021,0.02308690012971,0.1222058786922711,1,1
0.0368988099429617,0.0420233463035107,0.0835025064978158,1,1
0.0258432504753186,0.0316472114137548,0.0584882130753306,1,1
0.0276741074572213,0.0194552529182937,0.0625590561585141,1,1
0.0179564819378916,0.0054474708171215,0.0405627552308154,2,1
0.0290120414055348,0.0560311284046711,0.0648033462686511,3,1
0.0287303711006267,0.0212710765239989,0.0640215451968909,3,0
0.0,0.0020752269779606,0.0,4,1
0.0635166537567777,0.0511024643320426,0.1400014563077745,4,1
0.061756214351102,0.049546044098581,0.1359243921531222,4,1
0.0742905429195127,0.0622568093385293,0.162841861516498,1,1
0.0692908950073938,0.0661478599221833,0.1515559189945371,1,1
0.0571790718963453,0.0614785992217926,0.1241136225710829,2,1
0.1010492218857827,0.0251621271076529,0.2189954891554375,3,1
0.0378846560101401,0.0062256809338582,0.0817979614777262,3,0
0.0582353355397507,0.0407263294422868,0.1250566328415766,4,1
0.0908386733328639,0.0959792477302271,0.1943237760949094,0,1
0.0657700161960425,0.0778210116731572,0.1398563397046745,2,1
0.061897049503556,0.0124513618677105,0.1322747723196462,4,1
0.0599253573691993,0.0095979247730309,0.127492555789026,2,1
0.0803464544750369,0.1673151750972825,0.1695927583024838,2,1
0.0843602563199774,0.0446173800259467,0.1778601242001139,2,1
0.0659108513484965,0.0498054474708246,0.1398203275192888,1,1
0.0797126962889937,0.003112840466935,0.1686632393089023,3,0
0.0504894021547778,0.061219195849549,0.1076022281875862,0,1
0.0559115555242588,0.0544747081712154,0.1194779124438639,2,1
0.252024505316527,0.4329442282749728,0.5346505830455472,2,1
0.048447292444194,0.0529182879377478,0.1008081824499226,4,1
0.0604182804027885,0.0399481193255559,0.1298306033041205,3,1
0.0533061052038588,0.0700389105058433,0.1144109117993427,3,1
0.0840785860150693,0.0682230869001322,0.1795890121567117,0,1
0.029645799591578,0.0249027237354152,0.0637802702553953,1,1
0.1095697486092528,0.1369649805447516,0.2349369369208085,1,1
0.0467572706147454,0.0259403372243896,0.1010616400778859,0,1
0.0502077318498697,0.0630350194552601,0.1084050349973377,1,1
0.0309837335398915,0.0140077821011722,0.0669835272203535,4,0
0.0190831631575241,0.0036316472114222,0.0413487318044415,2,1
0.0794310259840856,0.0142671854734158,0.1718477191717892,2,1
0.0683050489402154,0.0277561608301008,0.1446129689168162,4,1
0.0688683895500316,0.0547341115434531,0.1456138409002216,4,1
0.0418280402788536,0.0046692607003966,0.0897264908280357,0,1
0.0368283923667347,0.0236057068741972,0.0786965830300795,0,1
0.0446447433279346,0.0251621271076588,0.0953197612414103,0,1
0.0668262798394479,0.0025940337224419,0.142574851041128,0,1
0.0785860150693613,0.0910505836575927,0.1671876171138052,0,1
0.0979508485317935,0.1540856031128411,0.2081044110844375,2,1
0.0611928737412858,0.0339818417639531,0.1307452018370339,0,1
0.0918245194000422,0.0254215304799024,0.1938001166524024,2,1
0.1509048658545173,0.1123216601815858,0.3169311098971985,2,1
0.0538694458136751,0.0469520103761391,0.1138506117566712,1,1
0.0773889162735018,0.0357976653696583,0.1630032077780247,2,1
0.0480952045630589,0.0492866407263315,0.1030668797539256,1,1
0.0423913808886698,0.0293125810635624,0.0915790243427204,4,0
0.0534469403563129,0.0093385214007814,0.1163518642119505,0,1
0.0249278219843673,0.0233463035019536,0.0538688679178162,0,0
0.075276388986691,0.007003891050589,0.1642131505584522,2,1
0.0682346313639884,0.021789883268492,0.1480275585212686,3,0
0.0485881275966481,0.0386511024643379,0.1084705571155841,0,1
0.0285895359481726,0.0409857328145304,0.0638396731793269,1,1
0.0806985423561721,0.0111543450064925,0.1778513198811719,3,1
0.0251390747130483,0.0038910505836658,0.0551268187556163,4,1
0.0368988099429617,0.0010376134889803,0.0814765163312028,3,1
0.0334483487078374,0.003112840466935,0.0741917899983585,2,1
0.0661221040771776,0.0741893644617409,0.1452948425990941,3,1
0.032321667488205,0.0116731517509797,0.0729677721808983,1,1
0.0447855784803887,0.0150453955901525,0.1024896191419479,3,1
0.1170340116893176,0.0900129701686183,0.2697748001732414,1,1
0.0433068093796211,0.0383916990920943,0.1001792537998561,2,1
0.0211956904443349,0.0023346303502042,0.0496522058368559,0,0
0.0341525244701077,0.042542153047992,0.0790736624161477,0,1
0.0546440391521723,0.0472114137483886,0.1254218027438075,0,1
0.0278853601859024,0.0300907911802873,0.0675600875969786,2,1
0.0612632913175128,0.0653696498054525,0.1453914807554762,4,1
0.0528835997464967,0.0249027237354093,0.125639240558422,2,1
0.0927399478909936,0.1481193255512324,0.2216290931763917,4,1
0.0419688754313076,0.0485084306096066,0.1020320356968782,1,1
0.0280966129145834,0.0010376134889803,0.0692584590132844,3,1
0.0331666784029293,0.0062256809338582,0.0837908514828643,0,1
0.0516865009506372,0.0062256809338582,0.1280414637303185,1,1
0.0395042602633617,0.0365758754863891,0.0985148907256948,1,1
0.0542215336948102,0.0581063553826258,0.1336798971071143,2,1
0.0381663263150482,0.0041504539559094,0.095767747926588,4,1
0.0490106330540102,0.0370946822308763,0.1216312144776016,4,1
0.1309766917822689,0.0531776913099914,0.3153607859766147,4,1
0.0551369621857615,0.0713359273670613,0.1343027657675852,4,1
0.0922470248574044,0.1613488975356738,0.2229317758807619,2,1
0.0338004365889726,0.0376134889753635,0.0834125126547326,4,1
0.0277445250334483,0.0077821011673198,0.0697151688765204,0,1
0.0568974015914372,0.0368352788586327,0.1390889436525631,0,1
0.0297866347440321,0.0518806744487734,0.0741992880041008,2,1
0.0694317301598479,0.1229571984435853,0.1709753436981944,4,1
0.0255615801704105,0.0293125810635565,0.0649215239272195,1,1
0.0318287444546158,0.030869001297024,0.0787325213677404,2,1
0.0433068093796211,0.0129701686121977,0.1064315666993716,4,0
0.0327441729455672,0.0012970168612239,0.082555110953724,1,1
0.0454897542426589,0.0687418936446253,0.112987790386401,3,1
0.1176677698753609,0.0907911802853491,0.283103168898244,3,1
0.1867474121540737,0.1719844357976674,0.4436056704045057,3,1
0.1857615660868953,0.2407263294422927,0.4390963976380048,3,1
0.0741497077670586,0.1600518806744558,0.1753618454542401,0,1
0.0854165199633828,0.0095979247730309,0.201139409025891,1,1
0.1061192873741286,0.237354085603114,0.2486310703770605,1,1
0.0572494894725723,0.0376134889753635,0.1351859192208718,3,0
0.0851348496584747,0.0946822308690032,0.2014769317754201,3,1
0.1211886486867122,0.0607003891050618,0.2843119219466627,3,1
0.0342933596225617,0.0599221789883369,0.0818793124660522,1,0
0.0178860643616646,0.0015564202334675,0.0456636284874762,1,1
0.061685796774875,0.0404669260700432,0.1474086679622699,4,1
0.0320399971832969,0.0090791180285437,0.0774479479336183,2,1
0.0245053165270051,0.001815823605717,0.0596510730686316,0,1
0.0299274698964861,0.0466926070039014,0.072475476575435,3,1
0.0587282585733399,0.0210116731517553,0.1381628373090859,1,1
0.0473206112245616,0.0290531776913129,0.1109412304295971,4,1
0.0567565664389831,0.0129701686121977,0.1323673035043363,4,1
0.0405605239067671,0.0127107652399541,0.0949387560478211,0,1
0.0237307231885078,0.0046692607003966,0.0563555660345844,1,0
0.0528131821702697,0.0848249027237404,0.1235151831240788,0,1
0.0742201253432856,0.0591439688716002,0.1699332735836707,3,1
0.056474896134075,0.0822308690013044,0.1298003077742801,0,1
0.0566861488627561,0.0967574578469579,0.1295583386688553,0,1
0.0614745440461939,0.0438391699092159,0.1399127659676693,2,1
0.0343637771987888,0.0464332036316519,0.0784004037214246,2,1
0.0580945003872966,0.0653696498054525,0.1302501566679235,2,1
0.0646433349764101,0.0669260700389142,0.1446917320091152,3,1
0.0658404337722695,0.0357976653696583,0.146186069951594,4,1
0.0808393775086261,0.1042801556420282,0.1802799770640412,2,1
0.0409830293641292,0.0168612191958518,0.0913924509959957,4,1
0.0421801281599887,0.0391699092088251,0.0939728582205897,4,1
0.1135835504541933,0.0892347600518875,0.2518416965605538,4,1
0.1330188014928526,0.1955901426718587,0.2940364137289193,4,1
0.04309555665094,0.059922178988331,0.0943509334728111,1,1
0.0263361735089078,0.0155642023346338,0.0572119406637511,2,1
0.0355608759946482,0.0103761348897617,0.0778847594905188,3,1
0.0370396450954158,0.0440985732814595,0.0806703188500041,4,1
0.0357721287233293,0.0570687418936514,0.0779532757595781,1,1
0.0378846560101401,0.0674448767834073,0.0821777270778883,4,1
0.1106260122526582,0.0464332036316519,0.2367067516288949,1,0
0.0786564326455883,0.1693904020752313,0.1678018116984521,1,1
0.0366171396380536,0.003112840466935,0.077015156544562,2,1
0.0475318639532427,0.0238651102464408,0.1024176838332187,3,0
0.0630237307231885,0.0741893644617409,0.140306270413825,4,1
0.0747130483768748,0.0199740596627809,0.1658216892759561,4,1
0.0284487007957186,0.0121919584954669,0.063214844903643,1,1
0.0447151609041616,0.0581063553826258,0.0986027714320895,2,1
0.0353496232659671,0.0428015564202356,0.0778086906676929,2,1
0.0595732694880642,0.0184176394293193,0.1314460523307427,4,0
0.0408421942116752,0.098573281452669,0.0898548694313235,0,1
0.02415322864587,0.0466926070039014,0.0529360811581156,1,1
0.1220336596014365,0.1984435797665442,0.266376407808999,3,1
0.1031617491725934,0.0088197146562942,0.2249468263490984,3,1
0.0398563481444968,0.0300907911802932,0.0861339503957854,0,1
0.0425322160411238,0.0158236057068833,0.0918183526271916,0,1
0.024364481374551,0.0127107652399541,0.0541611900088735,0,1
0.0293641292866699,0.0539559014267281,0.0652025265446239,0,1
0.0470389409196535,0.0225680933852169,0.103590498446626,1,1
0.0508414900359129,0.0526588845655043,0.1114874952376735,2,1
0.0255615801704105,0.0163424124513705,0.0578422834813294,4,1
0.0204915146820646,0.001815823605717,0.0463867246561681,1,1
0.0386592493486374,0.0345006485084344,0.0870069200363442,1,1
0.1149919019787339,0.1613488975356738,0.2548915789435441,0,1
0.1136539680304204,0.1649805447470842,0.2518019348273229,0,1
0.0599957749454263,0.0223086900129733,0.1351754182579412,3,1
0.0845010914724315,0.0679636835278945,0.1896081030555996,3,1
0.0280966129145834,0.0124513618677105,0.0633564679306444,2,1
0.0521794239842264,0.0166018158236082,0.1135363865800956,0,1
0.1142173086402366,0.1320363164721172,0.2437790327944071,2,1
0.0614041264699669,0.0718547341115485,0.1311551897645764,3,1
0.1097810013379339,0.0648508430609653,0.2334127410417426,4,0
0.04570100697134,0.0594033722438438,0.0982838412493842,1,1
0.0623195549609182,0.0368352788586327,0.1322819922777014,4,1
0.0955566509400746,0.049546044098581,0.2018534860163121,1,1
0.1038659249348637,0.0046692607003966,0.2092341112334117,0,1
0.1031617491725934,0.0866407263294515,0.2060187396340796,0,1
0.160833744102528,0.0383916990920943,0.3185906776345829,1,1
0.112808957115696,0.1190661478599253,0.2250062145823401,4,1
0.0581649179635237,0.0020752269779606,0.117658432941068,1,1
0.2023096965002465,0.2197146562905373,0.4073587520422591,1,1
0.3061756214351102,0.3512321660181616,0.6114251743825714,2,1
0.2270966833321597,0.0085603112840506,0.4518993801759136,2,1
0.1466798112808957,0.214785992217903,0.2962952955239754,2,1
0.1456235476374903,0.1411154345006551,0.2911364980246277,3,1
0.1069642982888529,0.0453955901426775,0.2127377997724975,3,1
0.0901344975705936,0.030869001297024,0.1798395632296892,0,1
0.1713259629603549,0.3291828793774376,0.3429151069098249,2,1
0.2189986620660516,0.0645914396887217,0.4322720257787621,3,1
0.2420956270685162,0.2378728923476012,0.4765574490844603,4,1
0.0445039081754806,0.0012970168612298,0.086148450870615,1,1
0.1458348003661714,0.1654993514915773,0.2839294648316435,0,1
0.0774593338497289,0.0236057068741972,0.1469833998888274,1,1
0.136821350609112,0.003112840466935,0.2599399167941831,2,1
0.1170340116893176,0.0383916990920943,0.2214411597591996,2,1
0.1879445109499331,0.0902723735408619,0.3535872886705737,2,1
0.1694246884022252,0.0853437094682276,0.3152374059284188,2,1
0.083233575100345,0.0557717250324275,0.1538321584388204,1,1
0.2363213858179001,0.1133592736705661,0.4399349856360582,4,1
0.2331525948876839,0.5258106355382649,0.4337244337586248,4,1
0.3602563199774664,0.3626459143968918,0.6618845435259002,0,1
0.0763326526300964,0.0780804150454008,0.1375788196103937,1,0
0.1463981409759876,0.1377431906614824,0.2648921119485946,2,1
0.2221674529962679,0.13540856031129,0.4148123130778696,3,1
0.045560171818886,0.0617380025940421,0.0819384045953509,4,1
0.0492218857826913,0.0095979247730309,0.0886662693283345,3,1
0.1825223575804521,0.1538261997406034,0.3451485504286601,2,1
0.1510457010069713,0.1335927367055848,0.2842486742341292,2,1
0.123442011125977,0.1081712062256882,0.2310351080061746,1,1
0.0770368283923667,0.0435797665369664,0.1433630066245847,0,1
0.0940778818393071,0.1390402075227004,0.1752155008854572,3,1
0.0794310259840856,0.0236057068741972,0.1458480768533451,4,1
0.0923174424336314,0.1338521400778284,0.1707314263128486,3,1
0.1042884303922259,0.0583657587548694,0.193227353429164,3,1
0.056263643405394,0.0368352788586327,0.1054366308473399,1,1
0.051123160340821,0.0051880674448779,0.0953460012872595,3,1
0.0512639954932751,0.0404669260700491,0.0958359047253491,4,0
0.0184494049714808,0.0051880674448838,0.0322498666794012,4,1
0.1375959439476093,0.1766536964980581,0.2631274997774881,1,1
0.0277445250334483,0.0189364461738065,0.0502526206254601,0,1
0.013661009788043,0.008300907911807,0.0219635670280571,2,1
0.0106330540102809,0.0028534370946914,0.0161075586654917,3,1
0.0423913808886698,0.0290531776913129,0.0777996638593812,3,1
0.0166185479895781,0.0210116731517612,0.0276241652056328,0,1
0.0370396450954158,0.0329442282749728,0.067133704981701,0,1
0.0318287444546158,0.0280155642023444,0.0566523802689147,1,1
0.0437293148369833,0.0469520103761391,0.0795091566030198,1,1
0.0916836842475882,0.0472114137483827,0.1704132031400158,3,1
0.0523906767129075,0.0482490272373571,0.0945061028620767,3,1
0.0514048306457291,0.1250324254215341,0.0916379247945725,1,1
0.0583057531159777,0.0202334630350245,0.1045937932171131,1,1
0.0741497077670586,0.0355382619974147,0.1338722477055343,3,1
0.1164706710795014,0.0913099870298363,0.2115585776942194,4,1
0.1410464051827336,0.1123216601815858,0.2562387931464135,4,1
0.2510386592493486,0.412191958495467,0.4508703511313209,0,1
0.3051897753679318,0.0503242542153059,0.5389335190204516,2,1
0.0978804309555665,0.032166018158242,0.1741702879934599,4,1
0.0576719949299345,0.0391699092088251,0.1014348386669591,1,1
0.0392930075346806,0.005706874189371,0.0666498563432734,2,1
0.0371100626716428,0.0127107652399541,0.0624213534808352,4,1
0.0281670304908105,0.0059662775616146,0.0455459947649627,0,1
0.048376874867967,0.0874189364461764,0.0824002987425725,1,0
0.0961199915498908,0.0713359273670613,0.1702854826949656,3,1
0.1842827969861277,0.034760051880678,0.3277302193496065,0,1
0.0470389409196535,0.0526588845655101,0.0796517693988638,2,1
0.0701359059221181,0.009597924773025,0.1212402112259643,3,1
0.0627420604182804,0.0993514915693939,0.1075565017052989,4,1
0.0718259277515667,0.0059662775616146,0.1232734871703341,4,1
0.0895711569607774,0.1348897535668028,0.1582775955662723,3,1
0.0523202591366805,0.0051880674448838,0.0891485366748354,3,1
0.0524610942891345,0.0215304798962425,0.0886902174972876,4,1
0.0546440391521723,0.0370946822308763,0.092560734231494,4,1
0.0329554256742482,0.0376134889753635,0.052972132421407,1,1
0.0299978874727131,0.0705577172503305,0.04757965807398,1,1
0.1230899232448419,0.072114137483798,0.2110440264665562,3,0
0.1071755510175339,0.1286640726329504,0.1810452210361507,4,1
0.1561861840715442,0.1105058365758806,0.2657684687341141,4,1
0.1351313287796634,0.0365758754863891,0.2282572536109159,4,1
0.2836419970424618,0.2191958495460501,0.4781684578255556,0,1
0.3762411097810014,0.0617380025940362,0.6499306955279609,1,1
0.1221040771776635,0.0791180285343752,0.2044008166686249,3,1
0.1959016970635871,0.2446173800259467,0.3304934573581365,3,1
0.1994929934511654,0.2202334630350245,0.3350961702361185,3,1
0.1388634603196958,0.0041504539559094,0.2303609660789236,4,1
0.4158862051968171,0.0775616083009136,0.6952019471669525,0,0
0.3358214210266882,0.0459143968871706,0.6335192568558603,4,1
0.2803323709597916,0.0555123216601898,0.4859435415030429,3,1
0.327230476726991,0.3756160830090836,0.5660158815123237,3,1
0.1987184001126681,0.0677042801556509,0.3510872282270362,2,1
0.2403351876628406,0.0207522697795176,0.4114351310663669,0,1
0.2499823956059432,0.164461738002597,0.4233568217697631,0,1
0.2427998028307865,0.1221789883268545,0.4098401721195506,1,1
0.1783677205830575,0.1390402075227004,0.2988360410722847,3,1
0.2665305260192944,0.2549935149156967,0.4469028082734914,3,1
0.2318850785155975,0.0290531776913129,0.386870507953617,3,1
0.2457573410323217,0.4166018158236082,0.4019982787529019,0,1
0.1713963805365819,0.0114137483787302,0.2747387032216129,3,1
0.2007605098232519,0.0254215304799024,0.3292490848605295,2,1
0.2282937821280191,0.0365758754863891,0.374626428738985,2,1
0.1654108865572847,0.0077821011673198,0.2683154224377959,2,1
0.1601295683402577,0.057328145265895,0.2571509970942866,3,1
0.2191394972185057,0.164461738002597,0.3615689756879344,4,1
0.2082247729033167,0.0025940337224419,0.3407053844391404,3,1
0.2041405534821491,0.357976653696501,0.3326090591105756,3,1
0.1517498767692416,0.0518806744487734,0.2381690052606702,0,0
0.1042180128159988,0.0446173800259467,0.1622101801003936,1,1
0.0866136187592423,0.0575875486381386,0.135746337505951,3,1
0.1017533976480529,0.0726329442282793,0.1606391626720814,3,1
0.1258362087176959,0.0402075226977996,0.1999227673659895,4,1
0.1238645165833392,0.0718547341115544,0.2015868825409794,0,1
0.1852686430533061,0.1543450064850906,0.3012296001554604,1,1
0.101894232800507,0.0490272373540938,0.1592468500436643,4,1
0.1071755510175339,0.1286640726329504,0.1691980252936941,2,1
0.0650658404337722,0.0417639429312671,0.0987920367119127,4,1
0.0807689599323991,0.0093385214007873,0.1245794823146216,4,1
0.1165410886557285,0.0503242542153118,0.1812294590106505,0,1
0.1379480318287445,0.0106355382620053,0.2147975104497376,1,1
0.0975283430744314,0.0752269779507212,0.1487133996568602,1,1
0.1801985775649602,0.021789883268492,0.282567207070388,0,1
0.088585310893599,0.0357976653696524,0.1326156435461173,0,1
0.1511161185831984,0.3574578469520198,0.2319888666122687,1,1
0.0766143229350045,0.0806744487678428,0.1118020017848169,2,1
0.1623829307795226,0.0773022049286641,0.2468120573244802,2,1
0.0587282585733399,0.0594033722438438,0.0829705966183384,0,1
0.0535173579325399,0.0319066147859984,0.0745649109527816,0,1
0.1253432856841068,0.0453955901426775,0.1889242764007236,1,1
0.0667558622632209,0.0453955901426775,0.0958365042461776,4,1
0.0790085205267234,0.0604409857328241,0.1150240018459012,4,1
0.0709104992606154,0.0153047989623902,0.1016593379790142,0,0
0.1649179635236955,0.0560311284046711,0.2471512776264596,1,1
0.1571720301387226,0.2435797665369723,0.2349451190939502,1,1
0.3002605450320399,0.2760051880674461,0.4328059516701274,0,1
0.2531511865361594,0.1789883268482564,0.3595576787025534,1,1
0.1419618336736849,0.0093385214007814,0.194768884913451,4,1
0.1847053024434899,0.1374837872892388,0.2554483440241492,4,1
0.3573691993521583,0.5403372243839185,0.4968237046649578,1,1
0.4029997887472713,0.3234760051880725,0.5587015400448271,2,1
0.2313217379057813,0.1942931258106407,0.3125104879924488,2,1
0.1763960284487008,0.0329442282749728,0.2323502576968963,3,1
0.1916062249137385,0.0632944228275037,0.2688163344066229,0,0
0.3127948736004506,0.0002594033722553,0.4404575615655128,0,1
0.2851207661432293,0.4433203631647228,0.3999615286579111,0,1
0.1908316315752412,0.1219195849546109,0.2604457898836035,1,1
0.2045630589395113,0.1369649805447516,0.2793878074215364,1,1
0.2054784874304626,0.1885862516212756,0.2892919510257361,0,0
0.3504682768819097,0.5071335927367138,0.5044166357386352,2,1
0.2320963312442786,0.2526588845655043,0.3290555039200905,4,1
0.2351242870220407,0.134111543450072,0.3323678897698877,4,1
0.1741426660094359,0.2977950713359323,0.2389310041801129,1,1
0.2005492570945708,0.1763942931258145,0.2838545194086871,2,1
0.1532990634462361,0.0469520103761391,0.2119823566247297,3,1
0.0825293993380748,0.0581063553826258,0.107975080051117,1,1
0.1291458348003661,0.0007782101167367,0.1761098275888919,2,1
0.0733046968523343,0.0142671854734158,0.0953916102544455,4,1
0.1830152806140412,0.0025940337224478,0.26953697299406,3,1
0.1808323357510035,0.0726329442282793,0.2662036446339069,0,1
0.2142806844588409,0.0492866407263315,0.3164838949956119,0,1
0.1339342299838039,0.0485084306096066,0.1930086206377753,1,1
0.1361171748468417,0.09156939040208,0.1947505448559509,1,1
0.0928103654672206,0.0931258106355474,0.1288737966365263,3,1
0.2061122456165058,0.1854734111543465,0.2975998843007921,0,1
0.0999929582423773,0.0225680933852228,0.1398036603830412,3,1
0.2005492570945708,0.1110246433203737,0.2902352076544142,4,1
0.144778536722766,0.1634241245136285,0.2056716200672166,4,0
0.1492852616012956,0.0023346303502042,0.2108085351351327,4,1
0.1197802971621717,0.1330739299610976,0.1688730662958542,3,1
0.1343567354411661,0.1504539559014366,0.1897584489294707,0,1
0.0716146750228857,0.0178988326848321,0.0957214020571177,4,0
0.05091190761214,0.0697795071335997,0.0647300955231814,1,1
0.0760509823251883,0.0166018158236082,0.1039732999790587,0,1
0.1928033237095979,0.1068741893644702,0.2752786659599809,3,0
0.3034997535384832,0.2012970168612239,0.4356098484808242,3,0
0.1569607774100415,0.0127107652399541,0.2181654219297538,4,1
0.1920991479473277,0.1143968871595346,0.2821559372693964,1,1
0.1918878952186465,0.003112840466935,0.2809298434052531,1,1
0.0579536652348426,0.0583657587548694,0.0776419963009397,3,1
0.1274558129709175,0.0412451361867799,0.1833779940673539,3,1
0.1307654390535877,0.1766536964980581,0.1869024159625699,4,1
0.0840785860150693,0.007003891050589,0.1157204205528131,0,1
0.1199915498908527,0.1014267185473486,0.182301422965449,1,1
0.225124991197803,0.1680933852140133,0.3473327037421729,1,1
0.1975917188930357,0.2523994811932606,0.303197224693529,1,1
0.1385113724385606,0.205706874189371,0.2049799897487937,1,1
0.1677346665727765,0.0402075226978054,0.2493958335086302,1,1
0.1800577424125061,0.0399481193255559,0.2629354744498065,3,1
0.1787198084641926,0.0101167315175122,0.2599169953722712,3,1
0.1566791071051334,0.2173800259403449,0.2254267663450845,0,1
0.1909724667276952,0.1377431906614883,0.2780826881377715,0,1
0.1349904936272093,0.1006485084306119,0.1929080990593942,0,1
0.0494331385113724,0.0373540856031199,0.0637847750193917,2,1
0.1094993310330258,0.1198443579766562,0.1548371309940011,2,1
0.1282304063094148,0.1009079118028614,0.1826950783429211,3,1
0.2298429688050137,0.53151750972763,0.3320165274928659,0,1
0.1762551932962467,0.0713359273670613,0.2502485899436527,0,1
0.1697767762833603,0.0677042801556509,0.2396102243932887,0,1
0.1389338778959228,0.1359273670557772,0.2035666178811931,1,0
0.1678050841490035,0.1460440985732894,0.2483302780326072,2,1
0.0866840363354693,0.090791180285355,0.1236910078835128,2,1
0.1094289134567988,0.0780804150454008,0.15853035983272,2,1
0.2593479332441377,0.2064850843061018,0.3880615715244849,2,1
0.214421519611295,0.0840466926070096,0.3184210325000415,4,1
0.2042813886346032,0.3016861219195864,0.3092322000485856,0,1
0.0780226744595451,0.0173800259403449,0.1105415507254219,3,0
0.0865432011830152,0.0274967574578513,0.129428840590762,3,0
0.1373142736427012,0.0822308690013044,0.2091176383866576,0,1
0.1718893035701711,0.2422827496757543,0.2730554624521627,0,1
0.187662840645025,0.1470817120622639,0.3021944926221603,1,1
0.1498486022111119,0.0643320363164781,0.244651180902535,1,1
0.206534751073868,0.2311284046692676,0.3381256890520887,1,1
0.2106893880712625,0.2062256809338582,0.3438957526538214,1,1
0.0786564326455883,0.0249027237354152,0.1218629123182285,3,1
0.0999225406661502,0.0900129701686183,0.1560322926797553,3,1
0.1765368636011549,0.311543450064855,0.2854362740220706,4,1
0.2180832335751004,0.0407263294422868,0.3532392429425017,0,1
0.1923104006760087,0.3151750972762713,0.3064206936103844,3,1
0.2157594535596084,0.4269779507133641,0.3535873866731367,2,1
0.1235828462784311,0.1411154345006551,0.1965277912110298,3,1
0.109921836490388,0.0503242542153118,0.1712479999663803,3,1
0.1611154144074361,0.1486381322957255,0.2559372862910596,1,1
0.1091472431518907,0.1063553826199771,0.1698416900858578,3,1
0.1525244701077389,0.0111543450064866,0.2363153672073873,4,1
0.123301175973523,0.0103761348897617,0.1892187663029552,2,1
0.1148510668262798,0.136705577172508,0.1751674156702981,3,1
0.12076614322935,0.0293125810635624,0.1841901940649353,3,0
0.0916132666713611,0.0363164721141396,0.1380482763814956,0,1
0.1634391944229279,0.0822308690013044,0.2516739325049528,0,1
0.1061192873741286,0.008300907911807,0.1608103199065058,2,1
0.1230899232448419,0.1670557717250389,0.1818397888360458,4,0
0.0801352017463559,0.0596627756160874,0.1137962712122878,0,0
0.0669671149919019,0.1066147859922266,0.0927230029935366,0,1
0.126047461446377,0.2666666666666706,0.1793315172230995,1,1
0.0756284768678262,0.0088197146562942,0.102061248809462,2,1
0.1497781846348849,0.0944228274967655,0.2145920367088676,4,1
0.1978733891979438,0.2435797665369664,0.2890620568651287,4,1
0.1044996831209069,0.1647211413748465,0.1466301263496143,0,1
0.0922470248574044,0.070298313878081,0.1279070807908079,1,1
0.1944229279628195,0.026977950713364,0.2831834066039618,3,0
0.1294979226815013,0.0627756160830106,0.1976521887568198,4,0
0.0999929582423773,0.0430609597924792,0.150677083150839,4,1
0.1117526934722907,0.1904020752269808,0.1674696390434717,1,1
0.1521019646503768,0.1229571984435853,0.2309353256218699,1,0
0.0802760368988099,0.0134889753566909,0.1174091895947491,2,1
0.0907682557566368,0.0101167315175122,0.1339559443072003,2,1
0.1380888669811985,0.0402075226977996,0.2082092949185527,3,0
0.0823885641856207,0.0407263294422927,0.1203716081634567,4,1
0.059150764030702,0.0402075226977996,0.0831843465483793,2,1
0.123301175973523,0.1066147859922266,0.1833646343873405,2,1
0.0659812689247236,0.0477302204928699,0.0928403817056715,4,1
0.0749243011055559,0.0453955901426775,0.1085618081901028,0,1
0.0878811351313288,0.1265888456550016,0.1282178100652815,3,1
0.1140764734877825,0.050843060959799,0.1690076458562811,3,0
0.1061192873741286,0.0326848249027351,0.1559721654598334,3,1
0.0797126962889937,0.02697795071337,0.1155054949126085,0,1
0.1452010421801282,0.1058365758754957,0.2292252357173007,2,1
0.1373846912189282,0.0350194552529216,0.2160192148695124,2,1
0.1566086895289064,0.0511024643320426,0.2436328218920811,4,1
0.1510457010069713,0.3304798962386557,0.2345347317515216,4,1
0.1390042954721498,0.1699092088197185,0.2112928103124708,0,1
0.072530103513837,0.008300907911807,0.1052531192404808,4,1
0.2456869234560946,0.0046692607003966,0.3782144346346407,0,1
0.0411942820928103,0.0088197146563001,0.0546191069935463,1,1
0.0497148088162805,0.0259403372243955,0.0679704902190534,1,1
0.1477360749243011,0.1239948119325597,0.2212876654702521,4,1
0.0792197732554045,0.0894941634241311,0.1193294477420732,4,1
0.1176677698753609,0.0303501945525368,0.182743982822234,0,1
0.1500598549397929,0.1079118028534446,0.2326483018843022,1,1
0.0746426308006478,0.0365758754863891,0.1126538466170819,4,1
0.0871769593690585,0.0902723735408619,0.1328418222746328,0,1
0.0516160833744102,0.0220492866407356,0.0757325875891617,2,0
0.0759805647489613,0.0575875486381327,0.1167798466513579,3,1
0.1121751989296528,0.0033722438391786,0.1733765722961389,2,1
0.0803464544750369,5.898818759841884e-15,0.1181330276370952,3,0
0.1230899232448419,0.1634241245136226,0.1888324268807955,1,1
0.1059784522216745,0.0049286640726402,0.1609699250182999,1,0
0.0701359059221181,0.0928664072632979,0.1034463852918939,2,1
0.1284416590380959,0.0801556420233497,0.1967607760151846,2,1
0.1415393282163228,0.0627756160830165,0.2152707041572885,4,1
0.0870361242166044,0.0518806744487734,0.1292932758536992,0,1
0.1242870220407013,0.107652399481201,0.1913809638727542,3,1
0.1804802478698683,0.3413748378728988,0.2788394951300196,3,1
0.2166044644743328,0.2264591439688769,0.3327737924218186,4,1
0.1478769100767551,0.0983138780804195,0.2166999696910851,4,1
0.0799943665939018,0.0479896238651194,0.1121455208214701,2,1
0.0654883458911344,0.050843060959799,0.0947929048815374,3,1
0.1228786705161608,0.0811932555123241,0.1851190154030536,4,0
0.0864023660305612,0.0513618677042862,0.1282725285934427,1,0
0.0921766072811774,0.0241245136186844,0.1372860009261848,1,1
0.0853461023871558,0.0189364461738065,0.1283632211675563,4,1
0.0435884796845292,0.0059662775616146,0.0597722315966728,2,1
0.1190057038236743,0.0313878080415112,0.181423110674344,4,1
0.2080839377508626,0.0038910505836658,0.3260540413144301,3,1
0.0642208295190479,0.0197146562905373,0.0932825851445725,3,1
0.1051334413069502,0.127626459143976,0.1579522776652717,3,1
0.0567565664389831,0.0492866407263374,0.0800237945491662,4,1
0.0718963453277938,0.0513618677042862,0.1038629819464711,4,1
0.0994296176325611,0.1159533073930021,0.1482545548963285,2,1
0.112738539539469,0.0801556420233556,0.1692577563841838,3,1
0.048376874867967,0.0007782101167367,0.0664615197774911,3,1
0.0656995986198155,0.0399481193255618,0.0932421611297253,1,0
0.1124568692345609,0.2103761348897558,0.1676748267392251,3,1
0.1035138370537286,0.0049286640726402,0.1521842933163745,2,0
0.0553482149144426,0.0643320363164722,0.0775673841179582,1,1
0.0552777973382156,0.0028534370946855,0.0773557862078651,1,1
0.0674600380254911,0.0041504539559035,0.0954588651416047,2,1
0.0532356876276318,0.0158236057068833,0.0733078194306105,0,1
0.0909090909090909,0.0503242542153118,0.1326875299422801,2,1
0.203718048024787,0.1343709468223156,0.3076968995064837,2,1
0.1740722484332089,0.3644617380026029,0.2611825145740987,2,1
0.0609816210126047,0.0184176394293134,0.0844580460492634,0,1
0.1165410886557285,0.1022049286640794,0.1699636206570979,1,1
0.0364058869093725,0.0012970168612239,0.0477955522449809,4,0
0.0789381029504964,0.0176394293125885,0.1159528519385634,0,1
0.0765439053587775,0.0609597924773054,0.1101543522527984,0,1
0.0639391592141398,0.0246433203631716,0.0898514761508413,1,1
0.268150130272516,0.1559014267185522,0.4031056730715469,4,1
0.1254137032603338,0.0399481193255559,0.1817391146660515,0,0
0.1431589324695444,0.0272373540856135,0.2086850542133147,0,0
0.1320329554256742,0.1439688715953406,0.1917559867451782,2,1
0.1939300049292303,0.1680933852140133,0.2827893458885827,3,1
0.1344271530173931,0.1961089494163459,0.1903983249505927,1,1
0.1299908457150905,0.0332036316472164,0.1841171264046827,2,1
0.2961763256108725,0.0583657587548694,0.4256631402856112,3,1
0.2980071825927751,0.5603112840466994,0.4271156882885324,3,1
0.4193366664319414,0.0355382619974147,0.5996138828776705,3,0
0.2916696007323428,0.2744487678339846,0.4243039499920515,0,1
0.1585803816632631,0.0892347600518875,0.225103919225675,1,1
0.2585029223294134,0.2075226977950762,0.3696839672419447,1,1
0.1964650376734033,0.2801556420233497,0.2747161831255748,4,1
0.3937046686853039,0.3878080415045448,0.5542507884162484,0,1
0.2871628758538131,0.0744487678339845,0.4148528993904978,3,1
0.1473135694669389,0.0171206225681013,0.2063698670716292,0,1
0.1468910640095768,0.0215304798962484,0.2048345907622634,2,1
0.1432293500457714,0.0928664072633038,0.1993670638901402,3,1
0.1848461375959439,0.1271076523994888,0.2583049619331616,3,1
0.1275966481233716,0.0012970168612239,0.1776229285676989,0,1
0.1136539680304204,0.1963683527885895,0.151707785844458,0,1
0.1116118583198366,0.0002594033722495,0.156828653478143,4,1
0.1620308428983874,0.1927367055771791,0.2314474114683796,4,1
0.1456235476374903,0.0402075226977996,0.2065253111719542,4,1
0.225124991197803,0.285084306095984,0.3305299644603083,3,1
0.2758256460812618,0.1556420233463086,0.4059473147395165,3,1
0.0754876417153721,0.0762645914396956,0.1052024086573394,1,1
0.1856911485106683,0.0853437094682276,0.2822162392429901,0,1
0.1546369973945497,0.1678339818417697,0.2328277188528328,1,1
0.2519540877403,0.2402075226977996,0.3817277301053727,3,1
0.0918245194000422,0.0645914396887217,0.1313328552409602,0,1
0.093866629110626,0.0682230869001322,0.1337536522911634,0,1
0.1345679881698472,0.0106355382620053,0.198506194949305,2,1
0.1677346665727765,0.0832684824902788,0.2470866865101891,3,0
0.1194282092810365,0.199221789883275,0.1725869130721851,3,1
0.1009083867333286,0.0339818417639472,0.148642092022366,2,1
0.1659742271671009,0.036057068741896,0.2495673323034986,2,1
0.2781494260967537,0.2453955901426775,0.4205869783706961,3,1
0.1552003380043659,0.1297016861219248,0.2309790338558738,2,1
0.158157876205901,0.0223086900129792,0.2414289707728729,4,1
0.0823181466093937,0.0207522697795176,0.1289634742892818,0,1
0.0875994648264206,0.0204928664072681,0.137518860866289,0,1
0.2610379550735863,0.0983138780804195,0.4283736182341605,3,1
0.1666079853531441,0.0440985732814595,0.2666808025681467,4,1
0.1310471093584959,0.0129701686121977,0.2052196401374811,3,1
0.0935145412294908,0.0531776913099973,0.1422199465185151,2,1
0.080628124779945,0.041245136186774,0.1206563143071438,3,1
0.1418914160974579,0.1068741893644702,0.2184274346061127,3,1
0.1150623195549609,0.0399481193255559,0.1749951295506224,0,1
0.1043588479684529,0.0695201037613502,0.1564344202106488,4,1
0.0664037743820857,0.0018158236057111,0.0956710800107901,0,0
0.0905570030279557,0.0591439688716002,0.1379367883850297,3,1
0.1605520737976199,0.2459143968871646,0.2555902306895402,0,1
0.1232307583972959,0.0988326848249126,0.1978759771574413,4,1
0.1175269347229068,0.0396887159533182,0.1880537437886586,4,0
0.0947820576015773,0.007003891050589,0.1510565588618059,2,1
0.0949933103302584,0.0425421530479979,0.1498049306817874,4,1
0.1316104499683121,0.0754863813229648,0.2100511671588805,4,1
0.1376663615238363,0.1224383916990981,0.2194824567401537,0,1
0.0899232448419125,0.0339818417639531,0.1462081117042818,0,1
0.093796211534399,0.1164721141374893,0.1527102327314816,2,1
0.1042884303922259,0.004409857328153,0.1754211558501866,1,1
0.3070910499260615,0.1019455252918299,0.5250543347071862,2,1
0.3124427857193155,0.5289234760051941,0.5337090795003866,2,1
0.2773044151820294,0.5167315175097329,0.4611024814570964,0,1
0.2452644179987325,0.0905317769131055,0.4065046639059771,1,1
0.14491937187522,0.0189364461738065,0.2331703299196637,3,1
0.1000633758186043,0.0184176394293193,0.1580133674512404,3,1
0.0708400816843884,0.0368352788586327,0.1154937949496968,0,1
0.1338638124075769,0.0511024643320426,0.2230420431586139,0,0
0.2428702204070136,0.0536964980544787,0.4153287666409076,4,0
0.2545595380607,0.4464332036316519,0.4346980161913141,4,1
0.2730089430321809,0.0581063553826258,0.4629370864272707,0,1
0.160833744102528,0.0785992217898881,0.2684388837965952,2,1
0.1243574396169284,0.0757457846952084,0.2091907203844583,1,1
0.1330892190690796,0.1989623865110255,0.2234486251451721,1,1
0.1497781846348849,0.2568093385214078,0.2533061500290393,4,1
0.2510386592493486,0.1408560311284115,0.4219220204043302,4,1
0.3572987817759313,0.2941634241245219,0.5766082261810197,3,1
0.1156960777410041,0.0238651102464408,0.1789057538073477,4,1
0.0553482149144426,0.0339818417639472,0.0817269998696832,1,1
0.1666784029293712,0.0640726329442286,0.2643518778768714,2,1
0.1270333075135554,0.0259403372243896,0.1987665123805667,3,1
0.1167523413844095,0.1297016861219248,0.1815111321302731,1,1
0.249278219843673,0.0513618677042862,0.3930298770882295,3,1
0.190479543694106,0.1408560311284115,0.293910631729365,3,1
0.0990071121751989,0.1621271076524046,0.1470581177750676,0,0
0.1114006055911555,0.0028534370946855,0.1693409593721948,2,1
0.1218928244489824,0.0892347600518875,0.1859383113145173,2,1
0.0995704527850151,0.0199740596627809,0.1495851080670047,4,1
0.1466798112808957,0.0044098573281471,0.223342350130923,1,1
0.1533694810224632,0.0549935149156967,0.2337711190141302,1,0
0.0808393775086261,0.1263294422827521,0.118321928895671,1,1
0.0540102809661291,0.0072632944228326,0.0753604523814995,1,1
0.0947116400253503,0.0552529182879462,0.1392124521050433,3,1
0.1556932610379551,0.0594033722438438,0.2324488762450484,1,1
0.1694246884022252,0.0518806744487734,0.252858243846553,1,1
0.1868178297303007,0.0332036316472164,0.2773998835089326,2,1
0.2063234983451869,5.898818759841884e-15,0.3075902850363827,4,0
0.2351242870220407,0.239948119325556,0.3511174402077225,4,1
0.2268854306034786,0.0373540856031199,0.3373208428610684,0,1
0.1080909795084853,0.1133592736705661,0.1541616448413053,0,1
0.0852756848109288,0.0474708171206263,0.1185578580501803,2,1
0.0667558622632209,0.0464332036316519,0.0903513862072257,3,1
0.1815365115132737,0.2539559014267223,0.260163757245495,4,1
0.1780156327019224,0.0233463035019477,0.2545159405179796,2,0
0.1837194563763115,0.1639429312581098,0.2613730291932163,3,1
0.1549186676994577,0.1151750972762713,0.2183590363740616,1,1
0.0759101471727343,0.0015564202334734,0.1005460522044734,1,1
0.1814660939370467,0.2319066147859984,0.2560571183918579,2,1
0.1755510175339765,0.0526588845655043,0.2471480410577337,3,0
0.1966058728258573,0.1787289234760128,0.2812436921591547,1,1
0.2420252094922892,0.4607003891050619,0.3439125004390341,3,1
0.104710935849588,0.1214007782101237,0.1490558780214274,0,1
0.0621787198084642,0.0090791180285437,0.0839582906566483,1,1
0.0651362580099993,0.030869001297024,0.0892258338882234,1,1
0.1362580099992958,0.256031128404677,0.2019731731599946,4,1
0.0883740581649179,0.024383916990928,0.1275527994589141,2,1
0.0632349834518695,0.0892347600518875,0.0873370104807178,4,1
0.1442151961129498,0.1250324254215341,0.2155110102147118,3,1
0.2449123301175973,0.0671854734111637,0.366750950751282,4,1
0.2593479332441377,0.4106355382619995,0.3884144974589815,4,1
0.3661713963805366,0.1239948119325597,0.5456315460353063,0,1
0.2756848109288078,0.063813229571985,0.4034828941749542,0,1
0.3464544750369692,0.3914396887159552,0.5033268950374753,2,1
0.1010492218857827,0.0241245136186785,0.1383547287286463,4,1
0.096542497007253,0.1164721141374893,0.1314996924780506,4,1
0.3202591366805155,0.3994811932555128,0.4547039613341392,4,1
0.3977888881064714,0.4736705577172596,0.5639758251094028,4,1
0.2792761073163862,0.0900129701686124,0.3939846747738531,2,1
0.1185127807900852,0.0140077821011722,0.1592430843907052,3,1
0.2420252094922892,0.0767833981841829,0.3351465478844158,3,1
0.1673121611154144,0.0370946822308704,0.231333793841233,1,1
0.1242870220407013,0.1278858625162196,0.1685099709064836,3,1
0.262727976903035,0.154085603112847,0.3675429880965446,0,1
0.2180832335751004,0.1141374837872969,0.2931836096355324,3,1
0.0664037743820857,0.0090791180285378,0.0821674460144467,1,1
0.1777339623970142,0.3403372243839244,0.2434896458897857,2,1
0.1718893035701711,0.0373540856031199,0.2344851155168745,1,1
0.083163157524118,0.1335927367055789,0.1064169211315582,3,0
0.3699035279205689,0.4300907911802932,0.5021626830166147,3,1
0.0579536652348426,0.0339818417639472,0.0689727909862135,0,1
0.0910499260615449,0.0381322957198507,0.1151015591147841,2,1
0.0792197732554045,0.030869001297024,0.0995250085472389,0,1
0.147454404619393,0.2287937743190693,0.2020376098243322,1,1
0.1276670656995986,0.1001297016861306,0.1753860535818819,4,1
0.2048447292444194,0.1047989623865154,0.2880827861121668,1,1
0.1922399830997817,0.0062256809338582,0.266536427090778,3,0
0.1654108865572847,0.2931258106355415,0.2300883718126524,0,1
0.1782973030068305,0.2075226977950762,0.24807246651804,3,1
0.0723188507851559,0.0399481193255618,0.0931721217038039,0,0
0.233434265192592,0.5219195849546109,0.3306986428718324,3,1
0.0541511161185832,0.0643320363164781,0.06860816923811,0,1
0.1335821421026688,0.102464332036323,0.1880840726117563,4,1
0.0468981057671994,0.029571984435806,0.0577465876514865,1,1
0.0582353355397507,0.0438391699092159,0.0745881163919746,1,1
0.1128793746919231,0.049546044098581,0.1564742629363263,4,1
0.0818956411520315,0.0238651102464408,0.1093537827986369,1,1
0.0569678191676642,0.07730220492867,0.0721105910695652,2,1
0.1674529962678684,0.1468223086900203,0.2336859900167081,2,1
0.0508414900359129,0.025680933852146,0.0618186662892989,1,1
0.061897049503556,0.0005188067444931,0.0766983024782928,3,1
0.0601366100978804,0.0964980544747143,0.0754702563239502,1,1
0.0687979719738046,0.1032425421530479,0.087549534287253,2,1
0.1345679881698472,0.1476005188067452,0.1838474260675308,0,1
0.0276741074572213,0.0075226977950762,0.0297771097391898,2,1
0.0544327864234913,0.0261997405966332,0.070909357276269,4,1
0.032321667488205,0.0101167315175122,0.0369327683579364,2,1
0.0418984578550806,0.0337224383917095,0.0513448320297627,2,1
0.0379550735863671,0.004409857328153,0.0446198269392088,3,1
0.0458418421237941,0.0121919584954669,0.0563133022571336,1,1
0.1503415252447011,0.2754863813229649,0.2112313689368585,1,1
0.0824589817618477,0.1514915693904051,0.1093813307945264,2,1
0.0318287444546158,0.0249027237354152,0.0345556848886548,0,0
0.0516160833744102,0.0539559014267281,0.0648857590815336,4,1
0.0837264981339342,0.1260700389105144,0.1126696335002454,0,1
0.0531652700514048,0.0863813229572079,0.0676183600216509,4,1
0.040419688754313,0.0103761348897558,0.0479755970692107,0,1
0.0659812689247236,0.0383916990920943,0.0859130566565559,1,1
0.0314766565734807,0.0199740596627809,0.0348072454126151,4,1
0.0473206112245616,5.898818759841884e-15,0.05838341870504,4,1
0.061685796774875,0.0137483787289286,0.0832970342111037,4,0
0.0718963453277938,0.049546044098581,0.1023678561267902,3,1
0.2765298218435321,0.2731517509727665,0.4184719709359307,0,1
0.1318921202732202,0.1849546044098592,0.1924241286844129,1,1
0.0447855784803887,0.0451361867704339,0.0568507662051933,3,1
0.3349059925357369,0.1974059662775639,0.4874746601240782,4,1
0.193155411590733,0.0962386511024648,0.2686978204526959,3,1
0.2107598056474896,0.2656290531776962,0.2936379063041917,4,1
0.1124568692345609,0.0119325551232233,0.1505167302051971,0,1
0.077881839307091,0.0038910505836599,0.0998184507338806,2,1
0.0524610942891345,0.004409857328153,0.0638943646983333,2,1
0.1294979226815013,0.1237354085603161,0.1771683639871872,3,1
0.0608407858601507,0.0728923476005229,0.0760160371776313,2,1
0.1589324695443983,0.0396887159533123,0.2171537041476391,1,1
0.1294979226815013,0.2534370946822351,0.1740859039858163,1,1
0.1467502288571227,0.0757457846952084,0.1974721057780711,1,1
0.0628124779945074,0.0106355382620053,0.0774033849540747,3,1
0.0647137525526371,0.0570687418936455,0.079830754275348,4,1
0.2749102175903106,0.4770428015564206,0.3679097039129697,4,1
0.7546651644250405,0.0996108949416493,1.0,0,1
0.4111682275896063,0.9919584954604423,0.5678249910819587,3,1
0.1534398985986902,0.0072632944228326,0.2023593298258693,1,1
0.0789381029504964,0.0804150453955992,0.0961872891817211,1,1
0.1463277233997605,0.1403372243839243,0.1882001646284717,2,1
0.0726709386662911,0.0,0.0860384205326917,3,0
0.1014717273431448,0.0446173800259467,0.126564877924918,1,1
0.0521090064079994,0.0064850843061018,0.0601091782522633,1,1
0.0841490035912963,0.0923476005188167,0.1055865661248523,3,1
0.1484402506865713,0.0788586251621316,0.1964378153821712,4,1
0.1520315470741497,0.0181582360570757,0.199253983163832,4,1
0.182240687275544,0.0293125810635565,0.2408602134776083,4,1
0.0902049151468206,0.0111543450064807,0.1124428452667882,0,1
0.0744313780719667,0.0347600518806898,0.0903002066379748,0,1
0.1000633758186043,0.082490272373548,0.1288948875330892,4,1
0.1185127807900852,0.0926070038910602,0.1538481151255035,4,1
0.1130906274206041,0.0972762645914451,0.146316702161587,1,1
0.0822477290331666,0.0438391699092159,0.1027454754834286,2,0
0.0573903246250264,0.0181582360570757,0.0672069221244055,2,1
0.1416801633687768,0.0028534370946855,0.1848056783245125,2,1
0.0824589817618477,0.0516212710765298,0.10533296000256,3,1
0.1017533976480529,0.0402075226978054,0.1327469657489504,3,1
0.0672487852968101,0.0749675745784776,0.0823211722401974,0,1
0.0824589817618477,0.0944228274967655,0.1034544263530972,1,1
0.0768255756636856,0.0041504539559094,0.0954485937180312,1,1
0.1586507992394902,0.1468223086900203,0.2103857649365068,4,1
0.1400605591155552,0.0549935149157026,0.170024004979773,2,1
0.1062601225265826,0.0287937743190693,0.1265238275927161,0,1
0.2587845926343215,0.0046692607003966,0.3256384803123608,2,1
0.4616576297443842,0.5636835278858603,0.5833813601375936,3,1
0.1206253080768959,0.0155642023346397,0.1444367085341328,0,1
0.1996338286036195,0.1325551232166044,0.2462252481483109,1,1
0.3489190902049152,0.2492866407263315,0.4299952742588895,0,1
0.3186395324272938,0.3595330739299745,0.3895182360524559,0,1
0.2461798464896838,0.0197146562905373,0.2939520302669252,2,1
0.2345609464122244,0.3561608300907899,0.2775281123197812,2,1
0.2006900922470249,0.0269779507133582,0.2349109245190988,3,0
0.3363847616365045,0.6383916990920885,0.3995957020639887,4,1
0.1401309766917822,0.0391699092088251,0.1543069612251812,1,1
0.3332159707062883,0.0975356679636887,0.3870690476368875,3,1
0.3140623899725371,0.5159533073929904,0.3635404665999107,4,1
0.3155411590733047,0.0267185473411205,0.3626439744898206,4,0
0.1934370818956411,0.1014267185473486,0.2150581734883866,4,0
0.4625730582353355,0.4954604409857283,0.5404895225607568,1,1
0.12076614322935,0.097276264591451,0.1291000043822463,3,1
0.1481585803816633,0.0189364461738006,0.1617353041174287,3,1
0.1875924230687979,0.0140077821011663,0.2078899241716348,4,0
0.1937187522005493,0.0274967574578454,0.2225337843886773,3,1
0.1684388423350468,0.0666666666666706,0.1895698316544988,4,1
0.1794239842264629,0.1434500648508475,0.2074228352214953,2,1
0.2109006407999437,0.0671854734111578,0.2450419266909265,0,1
0.2677980423913809,0.0020752269779606,0.3121906536893945,3,1
0.2414618688824731,0.1639429312581098,0.279579512847828,4,1
0.1732976550947116,0.1221789883268604,0.1936036499083093,4,1
0.2023801140764735,0.1556420233463145,0.22826658772802,4,1
0.14491937187522,0.0453955901426834,0.1601336332618645,1,1
0.1239349341595662,0.0106355382619935,0.1320027564394084,4,1
0.2671642842053376,0.1447470817120597,0.3010474562715237,4,1
0.2721639321174565,0.3045395590142719,0.306472752168073,4,1
0.2273783536370678,0.0700389105058433,0.2510333085927989,0,1
0.2187169917611436,0.1424124513618731,0.2397093418043644,0,1
0.1133018801492852,0.0191958495460501,0.1225463641745519,4,1
0.1874515879163439,0.0536964980544787,0.2129598535976926,3,1
0.2306879797197381,0.0259403372243837,0.2662265717005287,0,1
0.1970283782832195,0.2682230869001322,0.2243726691802801,0,1
0.1665375677769171,0.0757457846952025,0.1909980465525521,0,1
0.2000563340609816,0.0607003891050618,0.2295690390687345,2,1
0.2186465741849165,0.1709468223086929,0.2530984904439008,4,1
0.1694246884022252,0.0850843060959958,0.1926780131961433,1,1
0.1087951552707555,0.0474708171206204,0.1168875456594982,3,1
0.2250545736215759,0.2884565499351568,0.2617371347576142,3,1
0.1254841208365608,0.0604409857328241,0.1378878423858006,4,1
0.0803464544750369,0.0843060959792591,0.0807744998470443,4,1
0.2689951411872403,0.2228274967574605,0.3069442924284308,4,1
0.0807689599323991,0.0168612191958518,0.0812514581556886,1,1
0.0729526089711992,0.017380025940339,0.0714479747369611,2,1
0.1132314625730582,0.0396887159533123,0.1199128316221041,2,1
0.0792197732554045,0.105058365758759,0.0786118174861134,3,1
0.3073023026547426,0.3035019455252974,0.3480214584496415,3,1
0.1712555453841279,0.0708171206225682,0.1867559265460261,4,1
0.1196394620097176,0.1372243839169893,0.123767441872492,1,1
0.2663896908668404,0.381841763942936,0.2931898876639582,1,1
0.2808252939933807,0.0246433203631716,0.3095398026666217,2,1
0.1063305401028096,0.0705577172503305,0.105945348077184,3,1
0.09921836490388,0.0622568093385234,0.1011794437427262,0,1
0.0580240828110696,0.0051880674448838,0.0519886355074476,2,1
0.1348496584747553,0.1595330739299744,0.1413196297419261,0,1
0.2195620026758679,0.423865110246435,0.2381043030276673,0,1
0.2280825293993381,0.0609597924772995,0.2476195879850053,1,1
0.3273008943032181,0.3385214007782132,0.359460600598147,4,1
0.3243433561016829,0.0184176394293134,0.3545306821613295,4,1
0.2128019153580734,0.0080415045395693,0.2262802649979842,0,1
0.0951341454827125,0.0479896238651194,0.0918687712437637,4,1
0.093866629110626,0.0285343709468316,0.089995835318361,4,1
0.1621012604746144,0.0933852140077911,0.1664835228434078,2,0
0.1070347158650799,0.0539559014267281,0.1042813316425648,3,1
0.1913949721850574,0.3634241245136226,0.2004226980214418,3,1
0.3145553130061263,0.3859922178988455,0.3357830630047287,3,1
0.2690655587634674,0.0399481193255618,0.2841886698307767,4,1
0.0840081684388423,0.008300907911807,0.0755260270658052,4,1
0.1381592845574255,0.053437094682241,0.1353330528573407,4,1
0.1402013942680093,0.0498054474708187,0.1375513647544753,4,1
0.2915991831561157,0.1680933852140074,0.3052566483969317,3,1
0.2261108372649813,0.2106355382620053,0.2299314544881557,4,1
0.2714597563551862,0.3527885862516172,0.2745067129945523,1,1
0.1835082036476304,0.1042801556420341,0.1775709324835397,3,1
0.0895007393845503,0.0609597924772995,0.0782454335761212,1,1
0.1390042954721498,0.1291828793774435,0.1315890559634433,1,1
0.2195620026758679,0.0166018158236141,0.2174756363191794,1,1
0.0783747623406802,0.0308690012970299,0.065323289499347,4,1
0.0637983240616858,0.0018158236057111,0.0512447047771499,3,0
0.1912541370326033,0.0368352788586268,0.1892187378810746,4,0
0.1175269347229068,0.0523994811932547,0.1087904204549484,4,1
0.1333004717977607,0.0853437094682335,0.1239651964336149,2,1
0.142102668826139,0.0747081712062281,0.133269004085101,2,1
0.0709104992606154,0.0015564202334734,0.0566176014492473,3,1
0.1397084712344201,0.1530479896238785,0.1287494771824361,4,1
0.1198507147383987,0.0985732814526631,0.1063550095079182,1,0
0.1194282092810365,0.1094682230869062,0.1053611440086861,1,1
0.1435814379269065,0.1016861219195863,0.1313810963504332,3,1
0.1332300542215337,0.190920881971468,0.1202619028955439,3,1
0.1980142243503979,0.1605706874189371,0.1879320698386506,4,1
0.1831561157664953,0.1097276264591557,0.1702738910189922,1,0
0.1410464051827336,0.0077821011673198,0.1260583741868662,2,1
0.1009083867333286,0.0339818417639531,0.0843254930268553,2,1
0.3167382578691641,0.3839169909208848,0.3187153836189645,3,1
0.3380747834659531,0.0645914396887217,0.3401002230192321,3,1
0.1115414407436096,0.0399481193255501,0.1040783099153272,2,1
0.2267445954510246,0.1426718547341109,0.2310614951842524,0,1
0.1092880783043447,0.0783398184176385,0.1009404285096035,1,1
0.1506231955496091,0.0827496757457975,0.1453885575809608,1,1
0.0916836842475882,0.0090791180285319,0.080870490671411,2,1
0.1456235476374903,0.0394293125810746,0.1376601971535979,3,1
0.1548482501232307,0.099870298313887,0.1463191817392329,4,1
0.2592775156679107,0.1670557717250448,0.2565451899659563,4,1
0.17167805084149,0.1247730220492846,0.1672805750030347,2,1
0.1518907119216956,0.2261997405966214,0.1460654357837653,3,1
0.2107598056474896,0.1911802853437175,0.2085918950345713,4,1
0.1917470600661925,0.0127107652399541,0.1892901293101531,0,1
0.2173790578128301,0.0573281452658891,0.2177429471122574,4,1
0.2060418280402788,0.1221789883268604,0.2034979281537954,0,1
0.2512499119780297,0.1348897535668028,0.2513154345152226,0,1
0.1036546722061826,0.0210116731517612,0.0923621868652479,1,1
0.2237166396732625,0.222568093385211,0.2197985945752385,1,1
0.198295894655306,0.279896238651112,0.1904270435043542,2,1
0.0861911133018801,0.0508430609598049,0.0739228079668606,0,1
0.2148440250686571,0.0210116731517612,0.2163023727362233,4,1
0.0694317301598479,0.0508430609598049,0.0573059393284703,1,1
0.0896415745370044,0.0046692607003966,0.0793019239562751,0,1
0.1893528624744736,0.0101167315175181,0.1859304741183867,3,1
0.1780860502781494,0.1657587548638209,0.1737140914714587,3,1
0.1430180973170903,0.0565499351491642,0.1345423094749151,3,1
0.0815435532708964,0.041245136186774,0.0681673607275473,4,1
0.1134427153017393,0.0832684824902847,0.102839943453982,1,1
0.1579466234772199,0.0715953307393049,0.1495017472191183,2,1
0.2275896063657488,0.1683527885862569,0.2211289252315147,3,1
0.1913949721850574,0.250324254215306,0.1811048002165082,1,1
0.1157664953172312,0.0049286640726343,0.101022951401756,2,1
0.1669600732342793,0.1060959792477335,0.1532548929651791,4,1
0.1577353707485388,0.193514915693904,0.1436157453001708,4,1
0.1603408210689388,0.0900129701686183,0.1475420317649681,1,1
0.158087458629674,0.2464332036316578,0.1448482594517778,1,1
0.1061192873741286,0.059143968871612,0.0905859118323883,2,1
0.1753397648052954,0.2718547341115545,0.1613404343652007,3,1
0.2511090768255757,0.0889753566796439,0.2385669453758978,3,1
0.1559045137666361,0.0983138780804136,0.1404200189229725,3,0
0.3175832687838885,0.2396887159533124,0.3031793881740641,0,1
0.211886486867122,0.1514915693904051,0.1920709848560112,2,1
0.1292162523765932,0.1234760051880725,0.1091250215360147,4,1
0.3243433561016829,0.0599221789883369,0.301337047357191,0,1
0.2618829659883107,0.4682230869001322,0.2385623917240443,0,1
0.1885078515597493,0.0241245136186844,0.1650236970125563,3,0
0.1750580945003873,0.1281452658884691,0.1510270143703205,4,1
0.1816773466657277,0.1512321660181674,0.1594614257569798,0,1
0.1949862685726357,0.1802853437094744,0.170396052540284,1,1
0.1349904936272093,0.0386511024643379,0.1105719750754804,3,1
0.209069783818041,0.1673151750972825,0.1853686286946502,1,1
0.0987254418702908,0.0020752269779606,0.0754693675057448,3,1
0.3339201464685585,0.694163424124516,0.3008426397143267,3,1
0.1256249559890148,0.0225680933852228,0.0985613474075671,1,1
0.1866769945778466,0.0607003891050618,0.1561973869595778,1,1
0.2322371663967326,0.0619974059662857,0.1988272786554046,1,1
0.1946341806915006,0.2246433203631716,0.1619593260756639,3,1
0.1434406027744525,0.0399481193255618,0.1145109036322161,3,1
0.1885078515597493,0.3079118028534446,0.1545476357558644,4,1
0.2078726850221815,0.0492866407263315,0.1682597983219785,1,1
0.2450531652700514,0.1805447470817121,0.2128555789254926,1,1
0.4141257657911415,0.0900129701686183,0.3591869421354071,3,1
0.4972185057390325,0.4568093385214019,0.4291598498129207,3,1
0.6985423561721006,0.02697795071337,0.6036394395977853,4,1
0.4660939370466868,0.637872892347613,0.39493905778577,4,1
0.3799732413210337,0.0780804150454008,0.3125943664209316,2,1
0.4563058939511302,0.5836575875486353,0.3774787846647039,2,1
0.6021406943173017,0.4051880674448838,0.5004926370677839,2,1
0.3334976410111964,0.2793774319066248,0.2646372293639116,2,1
0.4106753045560172,0.2332036316472164,0.3296140749258428,3,1
0.5051756918526865,1.0,0.4071520240501408,0,1
0.4541229490880925,0.1413748378728987,0.3623770442008554,0,1
0.3237095979156398,0.0373540856031258,0.2499322472987606,0,1
0.3649038800084501,0.2479896238651194,0.2833570274000794,0,1
0.6126329131751286,0.4996108949416376,0.501582342864323,3,1
0.4322230828814872,0.1343709468223038,0.3466244493289225,4,0
0.4925005281318216,0.1499351491569435,0.4025455582583293,0,1
0.5443982818111401,0.8041504539558976,0.445161453520929,0,1
0.2338567706499542,0.056031128404677,0.1839532860739879,4,0
0.3257517076262235,0.1341115434500661,0.2643383124538147,0,0
0.3031476656573481,0.0482490272373689,0.2435011313894537,0,0
0.517076262235054,0.2570687418936514,0.4258857411520392,0,1
0.5090486585451729,0.5898832684824936,0.4180450951434123,0,1
0.428913456798817,0.3953307392996151,0.3366837523524973,1,1
0.7002323780015492,0.5486381322957313,0.6041808540046074,3,1
0.5542567424829238,0.6913099870298304,0.4707026030213627,3,1
0.4537004436307303,0.2443579766536972,0.3796942782659796,4,1
0.570945708048729,0.432166018158242,0.4840684732743202,0,1
0.4413069502147736,0.7143968871595288,0.3633319065453381,1,1
0.4852475177804379,0.0744487678339904,0.4006566988725347,2,1
0.1999859164847546,0.0116731517509797,0.1503753233909822,3,0
0.3159636645306669,0.0957198443579894,0.2502496904573481,4,1
0.4715865079923949,0.1896238651102559,0.381594382188794,4,0
0.3492007605098233,0.0575875486381386,0.2761574803227923,4,1
0.4420815435532709,0.403112840466935,0.3597221949571317,3,1
0.1906907964227871,0.1486381322957196,0.1427504727498137,0,1
0.420956270685163,0.6809338521400745,0.3377762700093049,0,1
0.2537849447222027,0.1857328145265959,0.1930954001320821,0,1
0.2684318005774241,0.1885862516212697,0.2085292116156649,1,1
0.3945496796000282,0.1836575875486471,0.3136592299210727,3,1
0.4062389972537146,0.0547341115434531,0.3214042828410038,3,1
0.4494049714808817,0.6404669260700492,0.3527951302022991,4,1
0.2258291669600732,0.0127107652399541,0.1725498818989743,2,1
0.1200619674670798,0.0163424124513646,0.0807474481494108,2,1
0.3232166748820506,0.0785992217898881,0.2598752262655345,0,1
0.227871276670657,0.0773022049286641,0.1756370378061689,0,1
0.2419547919160622,0.1276264591439819,0.1875466421406218,1,1
0.2015351031617492,0.1221789883268604,0.1519006638419992,1,1
0.2639954932751214,0.2106355382619935,0.2047145493833737,1,1
0.2913879304274347,0.3927367055771673,0.2271155233743709,1,1
0.1280191535807338,0.1273670557717324,0.0872918795078575,4,1
0.292303358918386,0.3854734111543465,0.2292976879780334,0,1
0.2615308781071755,0.0845654993514968,0.2023375154549345,1,1
0.2191394972185057,0.2739299610895033,0.1675685078050888,2,1
0.1933666643194141,0.0064850843060959,0.1448778707720373,3,1
0.2475881980142243,0.164461738002597,0.1887605277731843,4,1
0.1542849095134145,0.1919584954604424,0.1090091866321028,1,1
0.1173156819942257,0.0780804150454008,0.0781058007324975,2,1
0.2025209492289275,0.0801556420233497,0.1517288144490874,3,1
0.1644250404901063,0.0793774319066248,0.117459612632045,0,1
0.2497711428772622,0.1081712062256823,0.1892917479512784,0,1
0.2925850292232941,0.3356679636835277,0.224730043038713,0,1
0.3330751355538343,0.344487678339822,0.2563516321496265,1,1
0.327230476726991,0.4850843060959841,0.2513936028308569,1,1
0.2531511865361594,0.1616083009079115,0.1972874968114188,3,1
0.474262375889022,0.9997405966277504,0.3845648962633277,4,1
0.4805999577494543,0.008819714656306,0.3889477531338493,4,1
0.2201253432856841,0.1159533073930021,0.1642488462149625,0,1
0.1525948876839659,0.0334630350194541,0.1074990099492467,2,1
0.227871276670657,0.0479896238651194,0.1725246675625416,0,1
0.217167805084149,0.06692607003892,0.1641486384600707,2,1
0.2085768607844518,0.2946822308690032,0.1564270509794472,2,1
0.166255897472009,0.0023346303501983,0.1179843834924795,1,1
0.1885078515597493,0.1533073929961162,0.1353760690501316,3,1
0.3317372016055208,0.6259403372243839,0.253453650139383,4,1
0.4487712132948384,0.7221789883268486,0.3417131066412387,1,1
0.3030772480811211,0.2158236057068774,0.2206407132995251,2,1
0.3075135553834237,0.2111543450064925,0.2237891875520899,2,1
0.4417294556721358,0.0879377431906695,0.3250923492952733,0,1
0.166396732624463,0.0394293125810628,0.1068795293715875,4,1
0.3470178156467854,0.0155642023346397,0.2471109768862404,0,1
0.2415322864587001,0.2329442282749669,0.1611388288840657,0,1
0.3644109569748609,0.3859922178988337,0.2524033436895231,1,1
0.4198295894655306,0.361867704280161,0.2920772203685225,0,1
0.2972325892542778,0.1029831387808102,0.1965895219613605,1,0
0.4587000915428491,0.4713359273670672,0.3176199303636912,1,1
0.3625096824167312,0.0041504539559094,0.2454180757119721,2,1
0.2584325047531864,0.088197146562919,0.1663441851689006,3,0
0.4282796986127737,0.2744487678339904,0.2881784694387597,0,1
0.4432082247729033,0.0417639429312612,0.2983111273093939,0,1
0.3854658122667418,0.5766536964980522,0.2495348936423285,2,1
0.4408140271811845,0.1003891050583742,0.2883067344299311,2,1
0.3318076191817478,0.2866407263294456,0.2084768433694149,0,1
0.541370326033378,0.202594033722436,0.3484490090457068,1,1
0.378001549186677,0.2451361867704103,0.2341080514531521,2,0
0.527990986550243,0.1833981841763976,0.3348947738453385,2,1
0.7437504401098515,0.5854734111543465,0.4689511292271159,3,1
1.0,0.9102464332036428,0.6320925003906334,4,1
0.9274698964861632,0.6752269779507153,0.5876544546261963,0,1
0.9396521371734384,0.2710765239948177,0.5920045111326421,0,1
0.5860854869375397,0.7291828793774318,0.3938483796924551,2,1
