candle_size,gap_size,percentage,weekday,entry_weekday,entry_session,target
0.07369887298974294,0.061973080905189076,0.1818367171854887,1,1,3,1
0.11156135241230848,0.04170980624167934,0.27316316696175363,3,4,0,0
0.013042927694061037,0.00029581422866412993,0.036917516545489276,1,1,1,1
0.1344181334684057,0.02470048809347168,0.2786805113447913,4,4,1,1
0.1359376978599468,0.16003549770743566,0.2856756455308407,0,3,2,0
0.1460681271368874,0.022186067149826575,0.30816785722010337,0,3,2,0
0.0848423451943776,0.005768377458953901,0.18139354434628258,0,1,1,1
0.09256679751804484,0.001774885371981418,0.19849740151685435,1,2,1,1
0.10396353045460303,0.014642804318884534,0.22382799164570527,2,2,0,1
0.09041408129669495,0.02632746635112776,0.19118515743462647,0,1,1,1
0.10573635557806761,0.05502144653157529,0.2243894272161448,0,1,0,0
0.04824616943142966,0.0041413992012978235,0.10262418628853731,2,2,1,1
0.08737495251361277,0.08445496228368314,0.17710341784635536,1,3,2,0
0.07908066354311763,0.007395355716606618,0.15973643078718824,4,4,2,1
0.11757629479549196,0.030912586895425143,0.2414869690098138,0,2,3,0
0.1711409395973154,0.08933589705664466,0.3542135381383593,0,2,3,0
0.12802329998733694,0.006507913030610864,0.2658471452026446,1,1,1,1
0.06768393060655944,0.05842331016121615,0.1401776770862998,0,0,1,1
0.08895783208813474,0.09584381008726224,0.1856937583079894,2,1,2,0
0.10674939850576166,0.10013311640289549,0.22504283204321152,2,2,3,1
0.06971001646194758,0.04910516195828932,0.14943115736019225,0,0,1,0
0.022793465873116373,0.006951634373610423,0.05057005894450772,1,1,1,0
0.14049639103457007,0.14583641473154735,0.29649314638401747,4,4,3,0
0.06850702798531089,0.017748853719861263,0.14500635189465866,2,2,2,1
0.05046220083576042,0.03224375092441373,0.10433263881011046,2,1,2,1
0.07965050018994556,0.04792190504362944,0.16440495312021378,2,2,2,1
0.10801570216537924,0.000739535571656963,0.2235555148539758,3,3,1,1
0.0902874509307332,0.06818517970713917,0.18843993534572376,3,3,1,0
0.09870837026719007,0.06626238722082232,0.20747572032451506,3,4,3,0
0.10630619222489553,0.11226149977813828,0.22189173552281466,4,0,0,0
0.07743446878561479,0.06493122319183374,0.15477009092823454,0,3,2,1
0.11820944662530077,0.05635261056056724,0.23736264268432294,0,2,1,0
0.08813473470938332,0.06685401567815395,0.17836254995997644,0,1,1,1
0.02671900721793086,0.039639106641027065,0.05419857041517888,3,3,2,1
0.08617196403697606,0.08001774885371446,0.17285125331790455,0,1,3,0
0.0451437254653666,0.009318148202923465,0.0907775096331511,2,2,2,1
0.03849563125237432,0.024404673864807554,0.07998083804836134,0,0,3,1
0.045840192478156266,0.0050288418872935755,0.09583841801979617,1,4,3,0
0.08889451690515385,0.014938618547548663,0.18470641966635065,1,4,2,1
0.08718500696467013,0.11477592072178339,0.18323196946250098,1,2,0,1
0.03488666582246422,0.015086525661880729,0.07525566367353576,2,3,3,0
0.07072305938964163,0.013015826061231818,0.1514902106643751,4,1,2,1
0.07325566670887679,0.008874426859930633,0.15843088985860282,0,0,1,0
0.028048626060529314,0.02203816003549451,0.05951865473911368,0,0,1,1
0.04887932126123845,0.007839077059602814,0.10230170477116077,1,1,2,0
0.010763581106749399,0.00798698417393488,0.022526603310114995,4,4,1,1
0.09585918703305053,0.0383079426120385,0.1899711211877432,0,0,1,1
0.062428770419146504,0.006655820144946293,0.12389162174015647,1,4,0,0
0.11390401418260097,0.03594142878272207,0.226737965124987,1,4,0,0
0.10662276813979991,0.06596657299215819,0.2136793199265804,1,4,0,0
0.0675573002405977,0.06744564413547885,0.12948148014053124,1,1,2,1
0.08895783208813474,0.047478183700633246,0.163807372620578,3,3,3,1
0.09218690642015955,0.038160035497703054,0.17012650731016757,0,1,1,1
0.14568823603900213,0.05324656115959051,0.2729861665014191,1,4,2,0
0.11479042674433328,0.07217867179411165,0.2169031753048703,3,4,3,1
0.14030644548562743,0.09258985357195346,0.2673572753145011,3,3,2,1
0.12086868431049765,0.04762609081496531,0.2307723094775173,2,3,2,0
0.09155375459035077,0.04851353350096106,0.17553100557059295,2,3,1,1
0.04856274534633405,0.03889957106936674,0.09177240033561096,4,2,2,1
0.04697986577181208,0.04762609081496531,0.08971471103116718,0,0,1,1
0.05742687096365709,0.017009318148200937,0.10765645612413732,3,4,3,1
0.15037355957958717,0.19006064191687516,0.28220378900874005,4,2,0,1
0.08047359756869697,0.024108859636146784,0.1519538520437849,0,0,0,1
0.09136380904140813,0.05605679633190311,0.1719179141916598,4,4,0,1
0.02317335697100165,0.024700488093475047,0.04156964122162146,4,4,1,1
0.05426111181461314,0.02381304540747929,0.10160188316277072,0,0,1,1
0.07040648347473726,0.06448750184883754,0.13328330222006923,2,4,1,1
0.07236925414714449,0.0,0.1375691959536253,2,4,1,1
0.048816006078257576,0.0023665138293130416,0.09318382842329112,0,0,1,1
0.019880967455995952,0.005768377458953901,0.037119453508984546,1,4,1,1
0.05356464480182348,0.03668096435438241,0.10287965419686154,1,2,0,1
0.031847537039382035,0.02455258097914298,0.06143717614462847,3,3,2,0
0.04406736735469166,0.0020706996006489117,0.08270266353473671,4,2,3,1
0.06078257566164366,0.005768377458953901,0.11594185339304819,2,2,1,1
0.057490186146637964,0.007395355716606618,0.10830184639587115,1,2,0,1
0.0331771558819805,0.007839077059602814,0.06275534847287124,3,3,2,1
0.06806382170444472,0.06093773110486462,0.13057511060383262,4,0,3,1
0.23774851209319992,0.20115367549178675,0.4686404089352885,1,2,1,0
0.24958845131062424,0.2632746635113146,0.5003359667935103,1,2,0,1
0.01430923135367861,0.017600946605525834,0.02977500312482717,3,3,1,1
0.08990755983284791,0.0569442390178955,0.18407672810960948,3,4,3,0
0.03855894643535519,0.03786422126904229,0.07851402152650797,2,3,0,0
0.036849436494871476,0.0050288418872935755,0.0750241627867912,4,4,2,0
0.015069013549449155,0.016713503919536805,0.030741423726112882,0,0,2,1
0.10833227808028366,0.04333678449933205,0.212948850480432,3,3,2,0
0.08788147397745978,0.07439727850909263,0.1726966035725414,0,2,0,1
0.21083955932632645,0.2854607306611446,0.4211799622899661,2,3,3,1
0.18728631125743953,0.07572844253808458,0.3741165619862852,3,2,0,1
0.18089147777637074,0.09185031800028977,0.36450060775616056,3,4,0,1
0.2441433455742687,0.3131193610412609,0.5076126261193203,4,2,3,1
0.10314043307585159,0.032391658038745795,0.21840135759158508,3,1,3,1
0.12314803089780928,0.00887442685992727,0.26091332116235805,4,1,3,1
0.06863365835127264,0.006212098801950097,0.1479230282519343,4,4,1,1
0.18342408509560593,0.20721786717940816,0.39510497663497446,2,0,0,1
0.16645561605673037,0.2508504659074077,0.3775361121913449,3,3,0,1
0.09111054830948462,0.050436325987277916,0.21114803304682278,3,4,2,1
0.10320374825883248,0.03742049992604273,0.23932967541157546,3,4,1,0
0.04818285424844877,0.005472563230289771,0.11529489295962944,1,2,3,1
0.024502975813600104,0.006212098801950097,0.061548403148673034,2,2,3,0
0.06743066987463595,0.04052654932701946,0.15521204694281246,4,1,3,0
0.054830948461441056,0.05324656115959051,0.12759776013301913,1,1,2,0
0.056857034316829175,0.04407632007099239,0.12514217345085416,4,4,1,0
0.09389641636064329,0.10841591480550122,0.20226362611636284,3,3,1,1
0.01766493605166519,0.006212098801946734,0.040252632873803915,1,1,2,1
0.030011396732936558,0.029137701523440362,0.06706066480520483,2,2,1,1
0.04318095479295936,0.002514420943641745,0.09575297203617095,3,0,2,1
0.06673420286184628,0.04481585564265271,0.14654714408924696,3,0,3,1
0.06477143218943904,0.003401863629637498,0.14285762216793632,3,4,3,1
0.025895909839179432,0.003253956515305433,0.06009988327694239,4,4,1,1
0.06375838926174497,0.011832569146571935,0.13835866598016966,2,2,3,0
0.11517031784221858,0.017157225262533,0.24142255416029362,4,4,2,0
0.05616056730403951,0.04126608489867978,0.119459697421023,0,0,3,0
0.034063568443712805,0.009909776660251725,0.07218751269008035,4,2,1,1
0.015069013549449155,0.022333974264158642,0.03336313121140608,1,1,2,0
0.025959225022160314,0.008874426859930633,0.05615080417087158,1,1,2,0
0.074711915917437,0.06537494453482658,0.15417076514700787,2,2,3,1
0.04761301760162087,0.015234432776216156,0.09940534451852995,3,1,2,1
0.0711662656705078,0.005620470344618474,0.14800982942008287,3,1,2,0
0.03494998100544511,0.03668096435438241,0.07517911417676587,0,3,1,1
0.03716601240977588,0.013903268747224208,0.08047858867772154,1,2,3,1
0.044320628086615174,0.026031652122463632,0.09582726968452107,1,2,3,1
0.03438014435861719,0.03342700783907361,0.07535519423986878,2,2,3,0
0.018298087881473978,0.0041413992012978235,0.039178670171299335,3,3,1,1
0.013739394706850701,0.0010353498003244565,0.0300434153624618,4,4,1,1
0.014245916170697735,0.0075432628309386835,0.03060683053090249,3,3,1,1
0.032797264784095226,0.000739535571656963,0.06908396798304364,4,4,2,0
0.06014942383183487,0.050880047330274104,0.12426197812576278,2,2,3,0
0.09750538179055336,0.019671646206178107,0.19837697880984217,4,1,2,0
0.012599721413194886,0.003993492086965758,0.02499370877035223,2,1,1,1
0.030897809294668867,0.0041413992012978235,0.061313716374256505,2,4,2,1
0.02209699886032671,0.011832569146575296,0.04401557666660774,2,2,2,1
0.04204128149930354,0.005176749001622277,0.08497883752552934,0,0,2,0
0.028618462707357222,0.02085490312083799,0.05791917006057179,1,2,3,1
0.0439407369887299,0.018932110634517777,0.08883878165124831,1,2,3,1
0.034190198809674555,0.04363259872799621,0.07005576687615496,0,0,1,1
0.00911738634924655,0.0019227924863168464,0.019890196320615866,1,1,3,1
0.010763581106749399,0.0007395355716603264,0.02327297054650518,2,2,2,0
0.062302140053184754,0.038012128383374345,0.13071275109458014,3,0,1,1
0.06496137773838166,0.01138884780357574,0.13681767692940297,3,4,0,1
0.04590350766113714,0.003993492086965758,0.09779932450600956,0,4,1,1
0.03020134228187919,0.0001479071143287031,0.06543849279496329,1,3,2,1
0.05407116626567052,0.030912586895425143,0.11571208799831059,1,1,3,0
0.025199442826389768,0.007839077059602814,0.05553459401583176,2,3,0,1
0.027288843864758768,0.009761869545923023,0.06002994202954111,3,3,0,0
0.09465619855641383,0.021446531578166252,0.1937298824158419,3,4,2,1
0.04438394326959605,0.026771187694123958,0.09043687918788221,1,2,1,0
0.036532860579967075,0.002218606714980977,0.07478788285442195,4,4,1,0
0.08528555147524376,0.005620470344621836,0.16958533988732663,3,3,1,1
0.034063568443712805,0.005324656115957706,0.06866394099778977,4,2,1,1
0.04381410662276815,0.02336932406448646,0.08881056853295707,4,4,3,1
0.07084968975560339,0.021298624463830823,0.14429507200512323,3,2,3,1
0.03944535899708751,0.01834048217718952,0.08240646342698943,0,1,1,1
0.024123084715714834,0.0318000295814209,0.05131068174552665,1,1,0,0
0.11352412308471573,0.008282798402599009,0.2320717650939908,0,4,3,1
0.05090540711662657,0.023517231178815164,0.10576441166158371,3,4,0,1
0.02526275800937065,0.0289897944091083,0.054160896658274366,0,1,0,1
0.04780296315056351,0.008578612631266502,0.10083762725118955,0,1,0,1
0.09395973154362416,0.07114332199378384,0.19732470444457734,0,4,1,0
0.08585538812207166,0.09362520337228127,0.18191408459832617,0,1,3,0
0.04615676839306067,0.03505398609672633,0.09901060261215172,2,2,2,1
0.024059769532733945,0.0023665138293130416,0.053134491742315035,3,4,1,0
0.02184373812840319,0.006212098801950097,0.04686915306413589,2,2,1,1
0.014182600987716853,0.00798698417393488,0.03063540724174424,2,2,2,1
0.07528175256426492,0.06744564413548221,0.15305140285285854,4,1,1,1
0.043054324426997595,0.017600946605525834,0.08571678964326487,0,0,2,1
0.052994808154995576,0.02691909480845938,0.1061650311947272,1,2,3,0
0.03254400405217171,0.022481881378494068,0.06557889013585425,1,2,3,0
0.010953526655692037,0.005176749001622277,0.021634167086156245,1,1,2,1
0.034696720273521595,0.014642804318884534,0.06870297581111985,1,1,2,1
0.10371026972267948,0.042005620470340115,0.19992516696882967,1,3,2,0
0.0006331518298087931,0.002218606714980977,5.399655406399667e-05,4,4,1,1
0.03919209826516398,0.02691909480845602,0.07306305531920218,2,3,3,1
0.06724072432569331,0.016121875462208543,0.12473962911473963,4,2,1,0
0.07103963530454603,0.040378642212687395,0.13326559069361987,0,0,0,0
0.04577687729517539,0.036385150125718274,0.08631272449290403,1,1,1,1
0.042484487780169694,0.004880934772958148,0.08008529682348134,4,4,0,1
0.0564771432189439,0.014938618547548663,0.10808953498053428,0,0,0,1
0.028301886792452834,0.01227629048956813,0.05382028866857576,0,1,3,0
0.046473344307965056,0.032095843810085026,0.08979374362499615,0,1,3,1
0.07015322274281373,0.024996302322135813,0.13620225759120538,1,4,3,0
0.09674559959478284,0.03106049400975721,0.18886439771812807,1,4,3,0
0.06103583639356719,0.0005916284573248981,0.12019914284589231,2,1,2,1
0.019880967455995952,0.0005916284573248981,0.03980649610345054,3,3,1,1
0.06483474737241991,0.014494897204552468,0.12894652091286862,4,0,0,1
0.06869697353425351,0.03564561455405796,0.13736919295139013,0,2,1,1
0.04267443332911232,0.0010353498003244565,0.0858492975866143,0,0,2,1
0.05533746992528808,0.046886555243304984,0.1115850958459505,3,4,2,0
0.023933139166772196,0.009613962431590958,0.04701313033958239,3,3,3,0
0.07287577561099151,0.0023665138293096797,0.1420343608894154,0,4,2,1
0.026529061668988222,0.003106049400973368,0.052206631641058626,1,4,2,0
0.04628339875902242,0.02765863038011971,0.09146735412885432,1,3,3,1
0.04748638723565911,0.02262978849282277,0.09427455023589165,1,1,3,0
0.04963910345700899,0.006803727259274995,0.098674629091512,2,3,1,1
0.04887932126123845,0.051175861558934874,0.09716835628909859,4,2,2,1
0.03665949094592884,0.001183256914653158,0.0736034465252054,0,0,2,0
0.022603520324173735,0.011093033574911608,0.04546780712886511,1,1,3,1
0.013106242877041919,0.008578612631266502,0.026847696160859857,2,2,2,0
0.04045840192478156,0.04969679041561422,0.08187632889144333,1,1,3,1
0.020704064834747373,0.0001479071143287031,0.041780402089284546,3,3,2,1
0.011649993668481701,0.008282798402602373,0.022887105735266394,0,0,1,1
0.09427630745852855,0.158556426564115,0.18861305499362932,0,1,3,0
0.010257059642902366,0.003697677858301628,0.020252251595804044,3,3,1,1
0.02247688995821198,0.01227629048956813,0.04440697216448575,4,4,2,1
0.06565784475117134,0.08341961248335535,0.13002473851426766,2,4,2,1
0.05799670761048499,0.005324656115957706,0.11525891870857363,2,3,3,1
0.05597062175509687,0.003697677858301628,0.11242049156646575,3,4,3,1
0.026339116120045584,0.01626978257654061,0.054471871400360236,3,4,1,1
0.04083829302266684,0.0485135335009577,0.08419702747006919,3,2,3,1
0.030011396732936558,0.004585120544294018,0.06233061251696015,3,2,3,1
0.056667088767886536,0.013015826061231818,0.11688444009261026,3,2,3,0
0.042611118146131444,0.015678154119208986,0.08903989737980789,0,1,1,1
0.03564644801823477,0.007099541487942488,0.07511531461855459,1,1,3,0
0.03463340509054072,0.021446531578166252,0.06614654720588732,2,2,1,0
0.05058883120172218,0.01804466794852539,0.09728476425216431,3,3,1,1
0.016968469038875517,0.006951634373610423,0.03159991618932734,4,4,1,1
0.02064074965176649,0.002958142286641302,0.038779826774240925,0,0,1,1
0.035456502469292134,0.028398165951780033,0.06769962922687323,1,2,1,0
0.044953779916423964,0.0008874426859923914,0.08638675275823607,1,1,3,1
0.03849563125237432,0.03875166395503468,0.07160664071114096,1,1,3,0
0.024692921362542742,0.01937583197751734,0.044991938622235064,3,3,2,0
0.11244776497404078,0.12453779026770641,0.2126618266383803,4,0,1,0
0.12890971254906924,0.05576098210323562,0.24565022807502712,1,2,0,1
0.08452576927947322,0.043188877385,0.16120551575616088,2,0,3,1
0.08661517031784222,0.04910516195828596,0.16639806931646442,2,3,3,1
0.03773584905660378,0.009761869545923023,0.07232210513041513,3,3,1,1
0.03178422185640116,0.006951634373610423,0.060075297150150905,0,0,2,1
0.04140812966949475,0.002958142286641302,0.07531021298681462,4,1,1,1
0.028048626060529314,0.03919538529803088,0.051219163637294535,1,1,2,1
0.046789920222869444,0.001626978257649353,0.08704760487343577,1,1,1,1
0.043117639609978484,0.021298624463830823,0.08048487605353732,0,1,3,1
0.10883879954413068,0.02174234580683038,0.20714298518586743,1,1,1,0
0.048626060529314924,0.02307350983581897,0.09363557897007246,3,3,2,1
0.03222742813726731,0.026475373465459816,0.06083362089093233,0,1,3,1
0.030771178928707097,0.012424197603903557,0.05822545128558042,0,1,3,0
0.04754970241864,0.021002810235170057,0.08983266012950628,2,3,0,1
0.03165759149043941,0.042153527584672175,0.060028758944102395,0,0,2,0
0.0289983538052425,0.03135630823842134,0.05473425728944824,1,1,1,1
0.04102823857160948,0.028693980180444167,0.07770987443368435,3,2,2,1
0.04223122704824617,0.03830794261203512,0.08045647166598677,3,4,1,1
0.03241737368620996,0.016861411033868873,0.0620100116148804,1,2,0,0
0.08173990122831455,0.06744564413547885,0.15272423414072203,1,2,0,1
0.0639483348106876,0.018636296405853653,0.11953488779654947,2,0,3,1
0.09142712422438902,0.038603756840702615,0.1726714966269397,2,0,2,0
0.09047739647967581,0.05546516787457149,0.17207398965430964,2,0,0,0
0.07553501329618842,0.06907262239313156,0.14222525027462332,2,0,3,1
0.032923895150056975,0.003697677858301628,0.061411621320334064,3,4,3,1
0.039951880460934536,0.01612187546220518,0.07510443370526437,3,3,1,1
0.07870077244523237,0.01656559680520474,0.14701528863547783,3,4,2,1
0.07027985310877548,0.012572104718232259,0.13182939578510894,3,4,0,1
0.005001899455489428,0.006951634373610423,0.0073736774755220405,2,2,1,1
0.0609725212105863,0.0257358378937995,0.11299675192565714,3,4,1,0
0.057933392427504116,0.035497707439725884,0.10994004349245226,0,1,3,1
0.03146764594149677,0.028546073066112097,0.0589903389104067,2,0,1,1
0.04989236418893252,0.016713503919533444,0.09457553804609581,2,3,1,1
0.027921995694567558,0.0010353498003244565,0.05258665440155258,0,3,1,1
0.052551601874129425,0.050880047330274104,0.10062681919472621,0,0,2,1
0.0236165632518678,0.028250258837444607,0.044985032436861624,1,2,3,1
0.027288843864758768,0.022481881378490706,0.05230656259107669,1,2,0,1
0.028871723439280742,0.016121875462208543,0.05501716559292008,0,0,2,1
0.05293149297201469,0.026179559236795696,0.10210547825872152,2,2,1,0
0.03134101557553501,0.004585120544294018,0.05920449110809098,4,0,3,1
0.008420919336456886,0.013607454518560078,0.01547995279587612,1,2,3,0
0.08756489806255541,0.005472563230289771,0.1695170395904965,1,1,1,1
0.11035836393567176,0.16462061825173643,0.21640919573237444,1,2,1,1
0.1141572749145245,0.05797958881821996,0.22502109488430921,1,2,3,0
0.015195643915410919,0.009318148202926828,0.02998484654473743,0,0,3,0
0.03729264277573763,0.005916284573285966,0.07387434175879212,0,0,2,0
0.0027858680511586714,0.01597396834787648,0.004935333469290329,4,4,1,0
0.046473344307965056,0.040970270670015664,0.09079938995396447,0,0,0,1
0.020767380017728255,0.004289306315629887,0.04086235319352835,1,1,0,1
0.1385969355451437,0.059458659961543966,0.27309755757366894,4,3,3,0
0.133215144991769,0.17305132376867086,0.2656305680087778,4,0,3,1
0.06071926047866279,0.0023665138293130416,0.12126986911796797,1,4,1,1
0.055780676206154234,0.05768377458955583,0.11420974668523479,1,1,2,1
0.015955426111181465,0.007395355716609981,0.034120236248856226,0,1,2,0
0.0445105736355578,0.07469309273775676,0.09324680566388652,0,1,1,0
0.0298847663669748,0.02366513829315059,0.061730881949410385,0,1,0,1
0.05616056730403951,0.05191539713059856,0.11558701180776529,1,1,2,1
0.044637204001519576,0.04673864812897293,0.09325439612706693,2,3,1,0
0.04223122704824617,0.019671646206178107,0.08851126297098355,3,3,0,0
0.0484361149803723,0.017009318148200937,0.10122506489876984,4,4,2,1
0.043687476256806385,0.019967460434842238,0.0936547563638834,3,3,3,1
0.07642142585792074,0.06700192279248265,0.16282925059864123,3,3,3,0
0.04077497783968595,0.001626978257649353,0.08724406719228286,0,1,1,1
0.041154868937571226,0.026475373465459816,0.08979633433989126,0,1,1,0
0.02247688995821198,0.016861411033868873,0.05059169198582884,1,2,3,0
0.06907686463213879,0.030912586895425143,0.14977130324357285,0,4,2,0
0.08471571482841585,0.017157225262533,0.18340394485577685,0,4,2,0
0.05894643535519818,0.00029581422866076804,0.1298757384524605,0,1,3,1
0.027985310877548433,0.032095843810085026,0.06431211287744577,2,0,1,1
0.06192224895529948,0.008578612631266502,0.13768087148105035,2,0,0,0
0.06565784475117134,0.07203076467977623,0.1468273642198343,2,3,1,1
0.028871723439280742,0.008578612631266502,0.06590903050565036,1,1,3,0
0.029504875269089525,0.012128383375236064,0.06716550156041291,3,4,1,0
0.03906546789920223,0.0,0.08766568656941004,3,4,1,0
0.06705077877675067,0.028546073066112097,0.14490482482606343,1,4,1,1
0.020957325566670893,0.0001479071143287031,0.04794660215092765,3,3,1,1
0.03893883753324047,0.0338707291820698,0.08697110882848402,1,2,2,0
0.010636950740787642,0.0020706996006489117,0.0266610883804832,2,2,1,1
0.07338229707483855,0.018192575062857458,0.15917827610300508,4,0,2,1
0.009623907813093583,0.0010353498003210931,0.024297935298713713,1,1,1,1
0.09598581739901228,0.08874426859931639,0.20754092854658812,4,0,2,1
0.029821451183993927,0.018488389291521586,0.0674491748500436,2,2,3,1
0.07876408762821326,0.09717497411625083,0.17348173803221342,3,4,2,0
0.011776624034443465,0.003401863629637498,0.0295051096182518,0,0,1,1
0.017981511966569583,0.0016269782576527167,0.04285827963895203,0,0,1,1
0.023489932885906038,0.004289306315633251,0.05330006781947759,2,2,2,1
0.04438394326959605,0.07306611448010404,0.09849056566532113,0,3,1,0
0.08902114727111561,0.0025144209436451063,0.19401389777437258,0,3,3,1
0.06192224895529948,0.04585120544298053,0.13700306028075235,0,1,3,1
0.024756236545523617,0.007099541487942488,0.05436588842465903,3,3,0,1
0.017981511966569583,0.025292116550803306,0.040182238061965,0,1,0,0
0.02836520197543371,0.020115367549174302,0.06212466767076388,2,3,1,0
0.026592376851969097,0.014642804318884534,0.058632051817462796,2,2,1,1
0.05293149297201469,0.08415914805501902,0.11258807501757187,1,2,3,0
0.0693301253640623,0.07321402159443274,0.14891559962628131,4,2,3,1
0.021590477396479676,0.006803727259278357,0.0494231948279624,0,1,3,0
0.0,0.001774885371981418,0.0028047382718464145,1,1,1,1
0.028618462707357222,0.051027954444606186,0.062408859689852686,4,4,2,0
0.0065847790300113986,0.011684662032239869,0.016519186989046905,0,1,3,1
0.008927440800303912,0.014642804318884534,0.02141150930035264,4,0,3,0
0.0194377611751298,0.004880934772958148,0.042309868570260575,2,2,1,1
0.01709509940483728,0.009022333974262697,0.036661745414103955,0,1,1,1
0.027921995694567558,0.012128383375239428,0.05909013159426857,1,2,3,0
0.01608205647714322,0.0,0.0348426035057383,3,0,2,0
0.009877168545017096,0.003993492086965758,0.02229497759328361,4,0,1,1
0.027478789413701406,0.014938618547548663,0.0585833468966826,4,4,2,1
0.05185513486133975,0.02662328057979526,0.10224154512452752,4,0,1,0
0.09560592630112702,0.023960952521811362,0.18939473257323022,4,0,3,0
0.028301886792452834,0.01952373909184604,0.056377039228961257,1,1,2,0
0.014942383183487399,0.01582606123354105,0.029937086300269825,2,2,1,0
0.028301886792452834,0.015234432776212791,0.056045664318866234,3,4,3,0
0.04501709509940484,0.05694423901789214,0.08936445585400199,4,2,1,1
0.014942383183487399,0.0014790711433206516,0.03001173713468054,3,3,2,1
0.015132328732430037,0.008134891288266943,0.028528808872038222,2,2,3,0
0.019311130809168037,0.015086525661880729,0.036428526640013545,0,1,1,1
0.021780422945422314,0.01567815411921235,0.04135292128393063,0,0,2,1
0.04805622388248702,0.05531726076023942,0.09299412088296516,3,3,1,0
0.035266556920349496,0.007247448602274552,0.06831058007470746,3,3,1,0
0.0328605799670761,0.03475817186806556,0.0633386023414718,0,0,2,0
0.07819425098138534,0.08223635556869881,0.1487373696194053,3,4,1,1
0.0007597821957705461,0.0038455849726336936,0.0,2,2,1,1
0.06698746359376978,0.06714982990681807,0.12882752539303216,3,2,3,0
0.03191085222236292,0.010205590888915855,0.06114134136555441,4,4,2,1
0.03817905533746992,0.011093033574911608,0.07347277367514732,4,4,2,1
0.049702418639989865,0.0650791303061658,0.09829195265670598,0,0,2,1
0.028681777890338097,0.018636296405853653,0.05633921966010022,0,1,3,0
0.028175256426491064,0.024848395207807114,0.05431572220020091,3,1,0,1
0.06553121438520958,0.01804466794852539,0.12750607957557153,3,4,1,1
0.06287197670001267,0.05206330424493399,0.12303510130623635,3,4,0,0
0.08294288970495126,0.06448750184883419,0.16018275828372378,3,4,1,0
0.029061668988223373,0.006803727259278357,0.054988206237356244,1,0,2,0
0.12454096492338863,0.16817038899570935,0.24494984640139106,3,4,1,1
0.05432442699759403,0.01834048217718952,0.10741137933602277,3,3,3,0
0.014815752817525642,0.0007395355716603264,0.02922816684192399,4,4,1,1
0.05913638090414082,0.01227629048956813,0.11493093764532175,3,4,3,0
0.07553501329618842,0.05931075284720854,0.14781519032493662,3,0,2,1
0.07300240597695327,0.015086525661880729,0.14372217884370472,3,4,0,1
0.005761681651259971,0.002958142286641302,0.01151775356246082,1,1,1,1
0.06565784475117134,0.060494009761868424,0.1312497760304844,1,2,1,1
0.03178422185640116,0.005768377458950539,0.06425800536661086,1,2,1,1
0.016905153855894643,0.008430705516931074,0.03377724249175444,0,1,1,1
0.005445105736355583,0.0016269782576527167,0.01111721160021048,2,2,1,1
0.011016841838672912,0.01538233989054486,0.022265990734810795,2,2,1,1
0.022666835507154617,0.020706996006502564,0.04595465565552566,3,4,1,0
0.05115866784855008,0.0859340334270038,0.10216081801276974,2,3,3,0
0.015892110928200583,0.02691909480845602,0.03172877015856143,0,0,1,0
0.06749398505761682,0.020263274663506373,0.13294434267188066,3,4,1,0
0.06052931492972015,0.005620470344618474,0.12027041238310426,4,3,2,1
0.053184753703938215,0.06611448010649026,0.10655006232195516,4,0,3,1
0.030897809294668867,0.03076467978109308,0.061924464686384365,1,2,3,0
0.07072305938964163,0.013311640289892585,0.1329806880392446,0,2,1,1
0.07521843738128403,0.05073214021594204,0.14186702962414682,0,2,1,1
0.05400785108268963,0.0646354089631696,0.10215891356966747,0,0,1,1
0.037482588324680266,0.04910516195828596,0.0708448566855192,1,1,2,0
0.08750158287957452,0.014051175861552911,0.16344023929131857,4,1,1,1
0.12720020260858553,0.1166987132081036,0.22809241500432037,0,1,2,0
0.07914397872609852,0.016861411033865507,0.13727077936034512,2,3,0,1
0.17380017728251232,0.16669131785238872,0.3122897176449101,4,4,3,1
0.07135621121945042,0.05960656707587267,0.126081111316715,0,1,2,1
0.029378244903127775,0.012128383375236064,0.04986548487618274,2,2,1,0
0.07851082689628971,0.027214909037120153,0.13661980320504072,3,0,3,1
0.12061542357857415,0.005620470344621836,0.21350481807077126,3,4,1,1
0.03463340509054072,0.0004437213429961965,0.05720373199769874,3,3,2,0
0.05616056730403951,0.03283537938174535,0.09600560433394847,1,1,1,1
0.04185133595036089,0.003253956515305433,0.07045041232821302,1,1,1,1
0.1180195010763581,0.08046147019671403,0.20767587498050882,3,4,0,0
0.15607192604786624,0.08682147611299619,0.27644309416811724,3,3,2,0
0.11124477649740407,0.027214909037120153,0.17963169852570504,4,4,2,1
0.0977586425224769,0.05369028250258671,0.15881160816965176,0,0,2,1
0.04754970241864,0.004880934772958148,0.07329224879131126,2,2,2,1
0.017981511966569583,0.004733027658626082,0.023521569895235864,4,4,1,0
0.06622768139799924,0.026327466351131125,0.10275107122006533,0,0,1,1
0.06800050652146385,0.002070699600645548,0.10385805079244417,2,2,2,0
0.25237431936178295,0.03061677266676101,0.410014459808266,3,4,0,0
0.13479802456629097,0.037124685697378604,0.22045926596103743,0,0,0,1
0.08864125617323033,0.06655820144948646,0.14432260600737667,1,1,1,1
0.14657464860073444,0.006803727259278357,0.241820365975002,3,4,3,1
0.12118526022540206,0.04895725484395726,0.19989437544492278,4,0,3,0
0.07762441433455744,0.0977666025735791,0.1250182116439468,4,4,2,1
0.06261871596808916,0.013903268747224208,0.09983823397171074,0,2,2,0
0.0800937064708117,0.04008282798402327,0.130394728312655,0,2,1,0
0.12511080157021653,0.08179263422570261,0.20988354319334152,0,1,2,0
0.07325566670887679,0.04629492678597337,0.12120719963140186,1,1,1,1
0.050145624920856016,0.035201893211061756,0.07780261741945865,0,0,2,1
0.10200075978219576,0.01834048217718952,0.16626069133389326,3,4,1,1
0.15898442446498667,0.08622984765566792,0.265632745611036,4,4,3,0
0.08959098391794351,0.14731548587486798,0.14593848281301433,0,0,3,1
0.14480182347726983,0.10634521520484559,0.2399141038739787,1,1,2,0
0.1385969355451437,0.07350983582310024,0.23120992906834104,1,2,3,0
0.04571356211219452,0.020115367549177667,0.07316594669331766,4,4,1,1
0.02336330251994428,0.02085490312083799,0.03504447075101971,2,3,3,0
0.011523363302519945,0.027362816151455582,0.014125978233475708,0,0,1,1
0.005951627200202609,0.001183256914653158,0.0024670725567585566,0,0,2,0
0.24325693301253637,0.012276290489571491,0.3836260643488531,2,0,3,0
0.18013169558060022,0.08504659074101141,0.285060580678697,2,4,3,1
0.08693174623274662,0.09909776660257104,0.13347752305454774,1,1,2,1
0.04216791186526529,0.0004437213429928331,0.06019203746050446,3,3,2,0
0.09212359123717868,0.01908001774885321,0.13916711523530625,0,0,1,1
0.08718500696467013,0.008578612631266502,0.13227742693302025,1,4,2,1
0.13644421932379383,0.050436325987277916,0.21381599039240007,1,2,1,1
0.0364695453969862,0.018192575062857458,0.050058780355211066,1,1,1,1
0.01937444599214892,0.003106049400973368,0.022333735299307877,1,1,1,1
0.23698872989742942,0.16476852536606848,0.3529681729577196,1,1,0,1
0.41642395846523994,0.36991569294482773,0.656826939328389,4,0,3,0
0.16544257312903632,0.005768377458953901,0.24083953258607887,1,2,1,1
0.2166012409775864,0.1810383079426091,0.32439421143263664,2,3,3,1
0.5116499936684817,0.3469900902233373,0.800199825493096,3,1,1,1
0.6041534760035456,0.03268747226741329,1.0,0,1,2,1
0.32917563631758895,0.1526401419908257,0.5447144562134514,2,2,1,1
0.2531341015575535,0.2237834639846163,0.3988526098952448,2,2,0,0
0.19767000126630366,0.027214909037120153,0.2841923936988454,4,4,2,1
0.1646827909332658,0.005768377458953901,0.23748541818995472,0,0,0,1
0.11618336076991263,0.025587930779467437,0.160943465465885,1,1,1,1
0.23015069013549444,0.030025144209432753,0.33092176458804906,3,0,1,1
0.2177409142712422,0.0427451560420038,0.31605179468866546,3,4,2,0
0.14454856274534633,0.03461026475373351,0.2047480102711245,2,3,1,1
0.2120425478029631,0.10797219346250167,0.2951591001148806,0,2,1,1
0.07566164366215018,0.0001479071143287031,0.09714170161682797,3,0,3,0
0.08534886665822465,0.01952373909184604,0.1114730558923612,3,0,1,1
0.04102823857160948,0.05028841887294584,0.047492070905507486,0,0,1,1
0.0711662656705078,0.013311640289892585,0.09193360317858332,1,4,1,1
0.10409016082056478,0.08534240496967553,0.1421461160320187,1,2,0,1
0.21071292896036467,0.021150717349502125,0.30130112989883556,2,3,1,1
0.24559959478282894,0.23117881970122625,0.35809234847669763,4,0,1,0
0.09471951373939472,0.010501405117583348,0.12670194688776765,0,1,0,1
0.15847790300113967,0.05531726076023942,0.22166616947428752,0,0,2,0
0.1631632265417247,0.04555539121431304,0.21970245217641915,2,0,1,0
0.06078257566164366,0.03268747226741329,0.07294961226071402,1,1,2,0
0.07376218817272383,0.013311640289895947,0.09001503128855351,1,1,1,1
0.06236545523616563,0.02307350983581897,0.0737380793138656,3,4,1,0
0.12720020260858553,0.03239165803874915,0.14773542463014974,3,4,0,0
0.13752057743446877,0.03623724301138622,0.16177021171817935,3,3,2,1
0.2808028365201975,0.06700192279248265,0.33269852441451914,4,0,2,1
0.42497150816765855,0.2511462801360718,0.5243044126527019,1,1,1,0
0.4875902241357477,0.2910812010057664,0.6155941109973826,1,3,3,1
0.5840825629986071,0.1274959325543511,0.7485916073594641,1,2,1,1
0.43269596049132586,0.10486614406152495,0.5411081711532357,2,3,2,1
0.21558819804989235,0.1493861854755169,0.26717950068183505,0,1,0,1
0.15347600354565022,0.13459547404229694,0.18039090100636043,1,0,3,0
0.0812966949474484,0.010501405117583348,0.09033325673892895,0,0,2,1
0.2036849436494871,0.16713503919538153,0.25070441632355,0,3,2,0
0.43022666835507156,0.16092294039342805,0.5533024396669706,0,4,2,1
0.17816892490819294,0.11255731400679905,0.22409093364260507,2,2,1,1
0.22299607445865519,0.14346990090223094,0.2885559024033327,2,3,0,1
0.11852602254020513,0.003253956515305433,0.14617001126998266,4,4,3,1
0.08015702165379258,0.03579352166838665,0.09174084108290392,2,2,1,1
0.10826896289730277,0.03653305724005034,0.12874146759817168,4,4,1,0
0.26756996327719385,0.29182073657742674,0.3466466463725387,2,2,0,0
0.21957705457768772,0.020411181777841795,0.2765460364601989,1,2,2,1
0.1377738381663923,0.08075728442537816,0.16754116777678937,3,4,1,0
0.2369254147144485,0.22333974264161668,0.30446439835744626,2,3,1,1
0.6877295175383056,1.0,0.9136737997077198,0,1,1,1
0.15125997214131948,0.09939358083123517,0.1906483171625328,2,3,3,0
0.07515512219830316,0.021002810235170057,0.08562957317976769,2,2,1,1
0.0776877295175383,0.007839077059602814,0.08973659390837257,3,4,2,1
0.09421299227554766,0.04156189912734392,0.11296368704034782,3,3,3,1
0.0992148917310371,0.0934772962579492,0.12321372271375727,1,1,1,1
0.18082816259338988,0.2220085786126281,0.24026053847346013,1,1,3,1
0.20925667975180445,0.26889513385593644,0.2840158155852255,4,0,3,1
0.08560212739014815,0.009909776660255089,0.10096607135816155,2,3,0,0
0.2192604786627833,0.14006803727259004,0.28816575074082096,2,3,0,1
0.03596302393313916,0.003697677858301628,0.03464415414657465,0,0,2,1
0.20450804102823855,0.17674900162697585,0.2589000645093675,4,1,2,0
0.39363049259212357,0.39727850909628326,0.5272021073255093,4,0,3,1
0.18595669241484106,0.017748853719861263,0.24151084717892812,4,1,1,1
0.1509433962264151,0.010353498003251284,0.19133411454882215,4,0,3,1
0.14942383183487398,0.06197308090518571,0.1916746036927438,1,2,3,0
0.10301380270988982,0.06936843662179905,0.12869521683748372,3,0,1,0
0.24199062935291882,0.024108859636143423,0.32645266803675116,3,4,1,1
0.05153855894643536,0.028546073066112097,0.056182503344189325,3,3,1,0
0.14087628213245534,0.17896760834195682,0.18150658548872348,3,4,3,1
0.18684310497657336,0.028546073066112097,0.2600150780688607,0,2,3,0
0.15189312397112825,0.04969679041561422,0.21123289965646036,0,1,3,1
0.18988223375965554,0.007691169945274111,0.2677397722951562,2,2,3,1
0.18082816259338988,0.06389587339150592,0.25809742770262156,3,4,2,1
0.16113714068633656,0.12365034758171402,0.22999994473276175,0,0,2,1
0.03026465746486007,0.002218606714980977,0.03234511182281702,2,2,1,1
0.15613524123084713,0.04511166987131684,0.21893299957218887,4,4,2,0
0.20336836773458275,0.14420943647389126,0.285202167427896,3,4,1,1
0.19944282638976826,0.054873539417243225,0.2865975048380313,1,2,2,0
0.11080157021653793,0.03682887146871447,0.14810477527168503,4,1,2,1
0.08503229074332025,0.05738796036088834,0.11193156880441602,0,1,0,1
0.08338609598581741,0.0005916284573248981,0.10463638299055639,3,4,0,1
0.07154615676839307,0.007099541487942488,0.08861618249594425,2,2,3,0
0.05926301127010257,0.03342700783907361,0.07126650354657829,2,2,2,1
0.08705837659870837,0.033279100724741544,0.11048387297263557,3,0,1,1
0.0328605799670761,0.003106049400973368,0.0324825897349614,1,1,2,1
0.050335570469798654,0.018636296405853653,0.052200204632885994,1,1,1,0
0.11320754716981131,0.008430705516934436,0.13518135639958664,2,3,1,1
0.04191465113334178,0.020411181777841795,0.040061944885181874,4,4,1,1
0.1484741040901608,0.07927821328205414,0.1830343812125635,3,0,3,1
0.2191338482968216,0.10279544446087603,0.28047487515259767,3,4,1,0
0.149930353298721,0.10279544446087603,0.1864187493500849,4,3,1,0
0.11086488539951882,0.06774145836414297,0.13437897713256983,4,1,0,1
0.09275674306698746,0.039639106641027065,0.11044408307304437,0,1,1,1
0.11858933772318601,0.06581866587782613,0.1462184459283214,0,0,2,1
0.2870710396353045,0.11078242863481427,0.39006137077203473,3,1,1,1
0.3177155881980499,0.17955923679928845,0.4381099413436334,3,4,1,1
0.20349499810054447,0.007099541487942488,0.2783673393001509,4,0,0,1
0.0651513232873243,0.023221416950154394,0.07938756218376214,3,4,0,1
0.04419399772065341,0.027067001922788086,0.04661385019942649,4,3,1,1
0.07496517664936052,0.0038455849726370564,0.0896980755760127,4,4,2,1
0.10839559326326455,0.013607454518556715,0.1379712164995905,0,0,2,1
0.05970621755096872,0.01715722526252964,0.07007376971249482,0,1,1,1
0.09845510953526657,0.07839077059606175,0.12335505163211105,4,0,0,1
0.0269089527668735,0.014938618547552027,0.023513281365497005,4,0,2,0
0.24920856021273902,0.30616772666765046,0.34369051547211893,4,4,2,0
0.07059642902367988,0.0715870433367834,0.085663367765999,2,3,2,1
0.028618462707357222,0.02455258097914298,0.026534991365904245,3,3,1,1
0.037609218690642016,0.04466794852832065,0.03820633646975716,0,1,3,0
0.09338989489679625,0.09258985357195346,0.1163929300961668,1,1,2,1
0.041661390401418266,0.013015826061231818,0.04510722548420851,0,0,0,1
0.07661137140686337,0.009318148202926828,0.09447289400285183,2,3,3,1
0.200075978219577,0.07439727850909263,0.27164908279989963,3,2,3,1
0.2724452323667215,0.2941872504067397,0.3802988887243995,3,4,1,1
0.22185640116499936,0.14184292264457485,0.3091213931113661,3,4,1,1
0.14119285804735973,0.04895725484395726,0.19311958471607696,1,2,1,1
0.12498417120425477,0.1530838633338219,0.17161899681936654,2,3,3,0
0.06325186779789793,0.06966425085046318,0.07788676918400128,1,1,1,1
0.04672660503988857,0.005620470344621836,0.054105420076974164,2,2,1,1
0.06432822590857287,0.036385150125718274,0.07990675576893738,2,2,1,0
0.17380017728251232,0.0940689247152741,0.23367246184895213,4,2,1,1
0.04286437887805496,0.001626978257649353,0.04666387034023291,2,2,1,1
0.031594276307458535,0.0383079426120385,0.030985442884500766,2,2,1,1
0.03393693807775104,0.003106049400973368,0.03230401479491517,2,2,1,0
0.02627580093706471,0.0004437213429928331,0.020315365578415442,4,4,2,0
0.05103203748258833,0.0028102351723092367,0.054136413482595944,0,0,1,1
0.14860073445612254,0.16121875462209556,0.18872523356698195,1,2,3,0
0.22882107129289597,0.02396095252181472,0.302046133919652,0,2,2,0
0.24946182094466252,0.39106641029433326,0.33703637034508876,0,1,3,1
0.1464480182347727,0.10930335749149026,0.19305658418420693,1,4,0,0
0.0896542991009244,0.015973968347873117,0.11380118780381795,0,1,3,0
0.07496517664936052,0.008726519745595204,0.09337275762593067,3,3,1,1
0.09649233886285931,0.050880047330274104,0.12519476410454092,3,4,3,0
0.11384069899962011,0.05576098210323562,0.14916859671153243,1,2,3,0
0.06989996201089022,0.05635261056056724,0.08366072529560545,1,3,2,0
0.06572115993415222,0.032983286496077416,0.07807878165443805,2,2,0,1
0.08959098391794351,0.03017305132376481,0.11214849047975131,2,2,2,0
0.043054324426997595,0.004289306315629887,0.04505411264827788,0,0,1,1
0.11649993668481702,0.13060198195533118,0.1492295910526487,3,1,2,0
0.08699506141572748,0.04733027658629782,0.10837962122534289,3,3,1,1
0.056730403950867425,0.007691169945270747,0.0646311866951998,4,0,0,0
0.18367734582752943,0.13681408075728127,0.24026469393262923,2,2,2,1
0.13283525389388373,0.013903268747224208,0.17403375468871385,3,4,3,0
0.09516272002026087,0.06404378050583799,0.12099151369328714,4,4,2,1
0.030581233379764466,0.004733027658626082,0.02858357358998241,3,3,2,1
0.5852222362922628,0.34817334713799397,0.7574627981263691,3,1,2,0
0.21767759908826134,0.21905043632598345,0.27677836541522816,4,0,3,0
0.44466253007471185,0.2780653749445312,0.5422960017403875,2,1,2,1
0.45764214258579206,0.13770152344327366,0.563574401016051,2,3,1,1
0.1798784348486767,0.07543262830942045,0.21849540052792232,1,3,1,1
0.1607572495884513,0.060050288418868863,0.19470574585105652,1,3,0,1
0.1723439280739521,0.17024108859635825,0.20892029281240881,0,0,1,1
0.22318602000759782,0.07262239313710785,0.2802346647502582,1,1,2,0
0.11403064454856275,0.003401863629637498,0.1283157594970992,0,4,3,1
0.11067493985057618,0.05827540304688409,0.12477493178615259,1,1,1,1
0.21590477396479674,0.1016121875462195,0.26372637597865245,1,2,3,1
0.10054451057363555,0.018784203520185717,0.1142182635814328,3,3,2,1
0.10725591996960872,0.04496376275698477,0.1249079757243966,0,0,0,1
0.1130176016208687,0.0741014642804285,0.13317438717313407,0,4,3,0
0.07230593896416361,0.004880934772958148,0.08167878148844684,3,3,1,1
0.13606432822590855,0.03919538529803088,0.16617367341399297,0,3,0,1
0.14923388628593134,0.026179559236795696,0.18473856006480877,0,3,3,0
0.10301380270988982,0.019967460434842238,0.12293376088003319,0,2,3,1
0.17715588198049892,0.02307350983582233,0.22386232120870359,0,2,3,0
0.18355071546156765,0.1106345215204822,0.23408721769614693,0,1,2,1
0.07984044573888818,0.0016269782576527167,0.09359316741431428,1,1,1,0
0.10959858173990121,0.05738796036089169,0.13318273099362235,0,4,3,1
0.13302519944282637,0.056648424789228005,0.16562237604673927,0,0,2,1
0.15784475117133087,0.13770152344327366,0.2024715498338442,1,2,1,1
0.18000506521463847,0.017600946605529195,0.2340964495538092,2,2,1,1
0.16696213752057742,0.19789971897647796,0.21800847435690957,3,4,0,1
0.21875395719893628,0.002514420943641745,0.2908197227670998,4,4,0,1
0.16215018361403064,0.028546073066108738,0.21248698658630688,4,0,3,0
0.12093199949347853,0.06197308090518571,0.15429701341187985,1,2,2,1
0.05552741547423072,0.02218606714982994,0.060227800763152955,2,0,1,1
0.06546789920222869,0.004437213429965317,0.07409825419422952,2,4,1,1
0.10902874509307332,0.011684662032239869,0.13433103759803197,2,2,3,1
0.04653665949094593,0.021298624463834185,0.048599963810554384,3,3,2,1
0.1078890717994175,0.017896760834193327,0.13435793409226823,2,2,1,0
0.10396353045460303,0.07528472119508502,0.12762968243291836,4,0,3,1
0.0828162593389895,0.10131637331755201,0.09913630914276902,0,1,0,0
0.1350512852982145,0.07528472119508502,0.16858523293481473,0,4,3,0
0.16620235532480687,0.018784203520185717,0.21229331656853506,0,2,1,1
0.25142459161706976,0.11048661440615014,0.3318815954035642,0,3,2,0
0.226731670254527,0.16743085342404565,0.3006219632429358,0,1,1,1
0.11409395973154361,0.02751072326578764,0.14471104273605248,1,2,1,0
0.10529314929720147,0.03742049992604273,0.1332547462227115,1,2,0,0
0.09509940483727998,0.03949119952669164,0.11630650876362372,4,0,0,1
0.08060022793465874,0.000147907114332065,0.09696224943840956,2,2,1,0
0.12352792199569458,0.05871912438988028,0.1575439125181407,4,4,0,1
0.06793719133848297,0.0075432628309386835,0.08151024290623113,4,4,2,1
0.11656325186779791,0.056648424789231364,0.15093877848105974,4,4,2,0
0.0741420792706091,0.03239165803874915,0.09010418239588003,1,2,1,1
0.2710522983411422,0.003106049400973368,0.3693485763234765,1,1,2,1
0.2357224262378118,0.4023073509835802,0.32587172437507284,1,2,3,1
0.06781056097252122,0.014199082975884975,0.08692955940741862,1,2,1,1
0.13663416487273647,0.11891731992308457,0.1901112987056794,3,0,0,1
0.17228061289097124,0.009318148202926828,0.24352625447809517,3,4,0,1
0.11637330631885524,0.060346102647533,0.1625512529964776,3,3,1,0
0.17164746106116244,0.16402898979440816,0.23465395231747121,2,2,0,0
0.15012029884766365,0.09466055317260573,0.2010707462355178,4,0,1,0
0.10383690008864126,0.060050288418868863,0.1331220478380194,0,3,2,0
0.1563251867797898,0.10560567963318863,0.20888598250073032,0,1,1,1
0.08205647714321895,0.06064191687620049,0.10509233970413229,3,3,1,1
0.10890211472711155,0.07986984173938576,0.1465134432612193,0,0,2,0
0.09060402684563758,0.008282798402602373,0.12006161813083108,0,0,1,0
0.0890844624540965,0.10116846620322331,0.11868582549036283,0,0,1,0
0.06280866151703178,0.0319479366957496,0.08127923087225741,3,3,1,1
0.0818665315942763,0.005028841887290213,0.10902543001197529,1,2,2,1
0.09870837026719007,0.015234432776212791,0.13441217335672304,1,2,2,0
0.07002659237685198,0.04629492678597673,0.09236088252412902,1,2,3,1
0.053881220716727865,0.07927821328205414,0.06917466244492736,3,3,1,1
0.1030771178928707,0.060050288418868863,0.1457622119847953,0,0,2,0
0.05445105736355578,0.0427451560420038,0.07146415920813859,1,2,1,0
0.19342788400658475,0.07617216388108078,0.2850714741786429,4,3,2,1
0.0896542991009244,0.005324656115957706,0.1270936725537799,3,3,1,1
0.09902494618209447,0.05117586155893824,0.13734978106357765,0,1,2,0
0.11422059009750536,0.007395355716606618,0.1608941298554487,0,1,2,0
0.1240977586425225,0.020411181777838433,0.1766369282057928,0,1,2,1
0.0800937064708117,0.047034462357637044,0.11281701387806595,2,4,2,0
0.1196023806508801,0.050436325987277916,0.1747154027531306,2,3,2,1
0.06616436621501835,0.0007395355716603264,0.0927851431305872,2,3,0,1
0.08003039128783082,0.018192575062857458,0.11289828562002929,1,1,2,0
0.14315562871976698,0.11921313415175207,0.20956198811150095,4,1,1,1
0.11618336076991263,0.15914805502144327,0.1717212658053785,3,3,2,0
0.050208940103836905,0.012424197603900193,0.0648945703285418,1,1,1,0
0.06749398505761682,0.014199082975888339,0.08334359827962518,3,3,1,1
0.08914777763707739,0.07779914213873348,0.11615356971135168,4,0,3,1
0.05426111181461314,0.03401863629640187,0.06622265838563204,1,2,3,1
0.07027985310877548,0.019375831977513976,0.08858393067312162,4,4,2,1
0.1268836266936811,0.1082680076911658,0.17230760523297908,0,1,3,0
0.09452956819045207,0.10885963614849406,0.11954337710127205,0,4,1,1
0.21995694567557297,0.024552580979139618,0.2983503457637716,0,3,2,1
0.18057490186146635,0.3042449341813303,0.24617288034394352,0,1,3,0
0.06660757249588452,0.057683774589552456,0.08051156666299406,0,0,1,0
0.08743826769659363,0.05857121727554822,0.11085478408702035,0,1,3,0
0.19475750284918322,0.010353498003251284,0.2619889013069703,3,0,0,1
0.19748005571736102,0.17674900162697585,0.2660897349465817,3,4,3,0
0.06173230340635684,0.03461026475373351,0.07241580204694192,2,2,2,1
0.16753197416740534,0.08711729034166033,0.21715416966424028,3,4,0,0
0.0974420666075725,0.017600946605529195,0.11616762868223748,2,3,3,0
0.057300240597695326,0.011980476260903998,0.05975817192843845,1,1,1,1
0.13125237431936176,0.05546516787457149,0.15779617779988786,1,1,1,0
0.27681397999240215,0.059754474190204736,0.3451889896245888,3,4,1,0
0.2651006711409396,0.3659222008578586,0.33553322466931873,3,2,1,0
0.32550335570469796,0.34565892619434885,0.4236814902724152,4,3,1,1
0.326516398632392,0.23280579795887898,0.43010114844075814,4,0,3,0
0.15315942763074583,0.09288566780061758,0.19707732274206313,2,3,3,1
0.10915537545903507,0.07794704925306892,0.1369173680894228,4,4,2,0
0.08655185513486136,0.010353498003251284,0.10563881550550505,4,4,1,1
0.05432442699759403,0.003697677858301628,0.0599891819295294,1,1,2,1
0.07502849183234139,0.02751072326578764,0.08951980283820876,3,3,0,1
0.0842725085475497,0.05516935364590735,0.10349379706357961,4,0,1,0
0.20203874889198428,0.11566336340777915,0.26543205429638433,1,3,2,0
0.17437001392934023,0.2257062564709331,0.22966317234492462,1,2,2,0
0.12726351779156642,0.017600946605529195,0.16403807030249823,2,2,1,1
0.2525009497277447,0.012572104718232259,0.3071365916617892,0,0,3,1
0.18443712802329995,0.14450525070255538,0.22111912350770907,1,2,3,0
0.26927947321767753,0.11699452743676773,0.33378296369638993,1,2,3,0
0.18943902747878938,0.1448010649312195,0.23151212796379395,1,2,3,0
0.15018361403064454,0.12808756101167934,0.17556844019973208,4,3,2,1
0.1914651133341775,0.050436325987277916,0.23032511714109488,0,1,2,0
0.16335317209066733,0.09599171720159431,0.1950756816500073,0,1,3,1
0.07287577561099151,0.0338707291820698,0.0768030840475992,2,2,1,1
0.14746106116246674,0.11078242863481427,0.1734921585218046,0,0,1,0
0.1481575281752564,0.03490607898239763,0.1747163435108994,0,0,1,0
0.07103963530454603,0.02795444460878048,0.07133944888726916,3,3,1,1
0.12441433455742686,0.07484099985208882,0.14037291711419694,0,0,1,1
0.30340635684437123,0.05472563230291116,0.36281176596605014,4,2,3,0
0.18855261491705708,0.02203816003549451,0.22190322079699476,0,1,1,1
0.2211599341522097,0.31726076024256544,0.2668761590729163,2,2,2,0
0.12352792199569458,0.009170241088594763,0.13920326705280972,4,1,3,1
0.05122198303153096,0.016417689690872674,0.047802049543798825,0,0,1,1
0.26066860833227806,0.0764679781097449,0.3069361912089118,4,2,1,1
0.2915664176269469,0.2968495784647204,0.3497770437322216,4,4,3,0
0.04976573382297074,0.01597396834787648,0.043702321087967566,2,2,1,1
0.04976573382297074,0.03224375092441373,0.04466460293940738,4,4,1,1
0.16221349879701152,0.14583641473154396,0.18968470070851728,1,2,3,1
0.0451437254653666,0.013755361632888779,0.03988336250202275,2,4,2,1
0.0992148917310371,0.007691169945270747,0.11000850385198699,3,4,2,1
0.16145371660124097,0.05812749593255202,0.19150903929055021,3,4,1,1
0.09275674306698746,0.04407632007099239,0.10249368857239649,1,1,2,0
0.08984424464986704,0.03165212246708883,0.09902503199424614,1,1,2,0
0.017728251234646063,0.0020706996006489117,0.00602692597090114,0,1,3,1
0.1876028871723439,0.21890252921165473,0.22742742308374525,4,0,2,0
0.16993795112067872,0.03061677266676101,0.20485823059072378,0,0,2,0
0.02842851715841459,0.0010353498003244565,0.01949665953193863,0,0,1,0
0.17088767886539188,0.0883005472563202,0.20655727272127078,1,2,0,0
0.12042547802963151,0.1424345511019065,0.1406010827279929,3,3,2,0
0.12245156388501961,0.004880934772958148,0.14385937211857033,3,3,1,1
0.14511839939217425,0.025587930779467437,0.17297639346980376,1,2,1,1
0.03691275167785235,0.0020706996006489117,0.03172378780864224,3,4,2,1
0.09313663416487274,0.09732288123058626,0.10714976526965034,3,4,0,0
0.04527035583132835,0.021002810235170057,0.043717106338252085,2,2,2,1
0.017158414587818156,0.003253956515305433,0.0058099394610265365,1,2,3,1
0.05470431809547931,0.012276290489571491,0.05323145525558892,4,2,1,0
0.06527795365328606,0.020854903120834628,0.06768129574781523,1,1,0,0
0.2252121058629859,0.20144948972045087,0.2754076048027326,3,4,1,1
0.057363555780676215,0.003401863629637498,0.056902860804738956,1,3,3,0
0.04735975686969736,0.04067445644135153,0.04409784999040292,1,2,2,1
0.08819804989236418,0.016417689690872674,0.09740586534702278,1,2,2,1
0.09301000379891099,0.006951634373610423,0.10397645118518908,1,2,1,1
0.07851082689628971,0.005324656115957706,0.08563920812576348,1,2,3,0
0.05141192858047361,0.04718236947196912,0.050471244100218166,0,0,2,1
0.023869823983791314,0.0001479071143287031,0.014382489970465484,1,1,1,1
0.06508800810434341,0.061381452447860814,0.06976531547467069,2,3,0,0
0.0714195264024313,0.003993492086965758,0.07942664232198196,2,3,1,1
0.07186273268329746,0.05768377458955583,0.08034971321498222,3,3,1,0
0.034190198809674555,0.03579352166839002,0.027772093085654842,0,2,2,1
0.0753450677472458,0.004585120544294018,0.083257355481166,1,4,1,1
0.0675573002405977,0.05280283981659431,0.0732374256801732,1,2,2,1
0.022603520324173735,0.008430705516934436,0.012783101217069659,1,2,1,1
0.12112194504242117,0.005324656115954343,0.1431715509024588,3,3,1,1
0.06768393060655944,0.04230143469900761,0.07423847314868284,1,2,3,1
0.12359123717867544,0.04259724892766838,0.15024497259200667,2,4,1,0
0.12675699632771936,0.16846620322437347,0.15604188745518108,2,3,1,1
0.1942509813853362,0.0489572548439539,0.25240285144450003,0,0,3,0
0.07730783841965304,0.025292116550799944,0.09177522841050528,0,0,3,0
0.09528935038622262,0.010649312231915413,0.11688426622323461,0,0,3,0
0.0902874509307332,0.034166543410733934,0.11112040850533997,1,1,1,0
0.07661137140686337,0.02366513829315059,0.09210430795927,3,4,0,1
0.05179181967835887,0.01745303949119377,0.05532937832565124,1,1,2,1
0.083069520070913,0.04792190504362944,0.09722401773879319,3,4,3,0
0.06489806255540079,0.04880934772962183,0.06916453728484835,0,0,1,1
0.0974420666075725,0.01345954740422465,0.11258810653124443,0,0,1,1
0.03988856527795366,0.0035497707439695633,0.0362820354159617,1,1,1,0
0.14746106116246674,0.019080017748849848,0.17289530267123512,1,1,2,1
0.05938964163606433,0.023517231178818522,0.05873009909022338,1,3,2,0
0.05489426364442193,0.018192575062857458,0.05305064430453772,1,3,2,0
0.06363175889578321,0.011684662032239869,0.06445351041455985,1,2,1,1
0.09731543624161075,0.04378050584232825,0.10844040988305567,1,1,3,1
0.09611244776497403,0.07084750776511971,0.10795735452014318,2,3,2,0
0.08414587818158793,0.02884188729477287,0.09237402197957317,4,1,1,0
0.11143472204634673,0.08696938322732825,0.1285965418734389,4,0,2,0
0.10921869064201596,0.06345215204850972,0.12650286167356256,4,0,3,1
0.09794858807141951,0.0010353498003210931,0.10833422935393058,0,1,3,0
0.0785741420792706,0.06064191687620049,0.08249079980944421,2,3,3,0
0.19228821071292895,0.14524478627421908,0.21732509632193536,0,2,2,0
0.0776877295175383,0.01804466794852539,0.08083775085562211,0,2,3,0
0.10662276813979991,0.10412660848986798,0.11919748844090897,0,1,3,0
0.08363935671774092,0.07572844253808121,0.08312415918110144,3,3,2,1
0.12080536912751678,0.013163733175560518,0.12944358561871244,1,4,2,0
0.1479042674433329,0.06212098801951778,0.16421874191765232,2,4,2,1
0.19551728504495375,0.0795740275107149,0.22436199979761107,2,3,1,1
0.12302140053184753,0.014346990090220405,0.13475554125115774,4,4,2,1
0.10168418386729138,0.13918059458659768,0.10879540577075908,0,0,2,1
0.10111434722046346,0.07055169353645895,0.10872653447689182,2,3,3,0
0.10345700899075598,0.032095843810085026,0.1100739236146927,1,1,2,1
0.10725591996960872,0.014494897204552468,0.11603643764869301,1,2,3,1
0.1475876915284285,0.17408667356899532,0.1691812437308344,2,3,3,0
0.13695074078764086,0.13799733767194117,0.15437911286967984,2,3,1,0
0.11181461314423198,0.028250258837447976,0.12164846811364896,0,1,2,0
0.12549069266810178,0.005028841887290213,0.13910336491279562,0,1,3,1
0.03672280612890971,0.005916284573285966,0.027907094805113747,0,1,3,1
0.04735975686969736,0.0025144209436451063,0.0409554432704345,2,3,3,1
0.07059642902367988,0.022777695607154837,0.07020990330248225,3,4,3,1
0.04501709509940484,0.011536754917904441,0.03178493537055303,1,1,1,1
0.03457008990755983,0.014790711433216598,0.019792728443884078,3,4,1,1
0.09611244776497403,0.036385150125718274,0.09250615420515604,3,4,3,1
0.06382170444472585,0.028250258837444607,0.05504111156676336,0,0,1,0
0.11668988223375966,0.023369324064483096,0.10860650211172915,2,2,2,0
0.1123844497910599,0.03446235763940479,0.10243033944264288,3,3,2,1
0.23116373306318855,0.0016269782576527167,0.22745184846243294,2,3,3,0
0.2285044953779916,0.03490607898239763,0.22087175051779417,0,2,2,0
0.2164112954286438,0.15722526253512648,0.20944762374871317,0,4,1,1
0.23660883879954414,0.11448010649312262,0.23438602118430268,0,3,2,1
0.13568443712802328,0.07129122910811926,0.12587168947594188,1,2,3,1
0.1738634924654932,0.10264753734654397,0.168546105751815,1,2,3,0
0.18253767253387362,0.1047182369471996,0.1801345001305332,1,2,1,0
0.18241104216791185,0.1764531873983151,0.17920574146010784,3,3,2,0
0.09991135874382677,0.0338707291820698,0.08723715558667014,1,1,2,1
0.11839939217424338,0.06922052950746363,0.10503661809163564,0,1,2,0
0.13638090414081294,0.06641029433515104,0.12489810036982252,0,1,1,1
0.12289477016588578,0.010501405117583348,0.10795945505674595,3,4,1,1
0.2544637204001519,0.15382339890548558,0.24735831923224982,2,3,1,0
0.1553121438520957,0.07720751368140859,0.1435032623990932,3,3,0,1
0.14499176902621247,0.10871172903416872,0.1353380102146531,1,1,2,1
0.5096872229960745,0.22052950746931085,0.5353904553299131,4,2,1,1
0.3620995314676459,0.014494897204552468,0.37664814585318496,4,0,2,1
0.06711409395973154,0.014494897204552468,0.05157377779429696,1,1,1,1
0.08395593263264532,0.023221416950154394,0.0693495141765384,0,0,2,1
0.303532987210333,0.5225558349356567,0.31006635063279325,4,0,0,0
0.11846270735722426,0.047773997929297374,0.10362607060606749,0,0,2,1
0.07464860073445613,0.013459547404231376,0.055181686882367145,4,4,2,0
0.25047486387235657,0.14835083567518909,0.23694353452541134,4,2,3,0
0.20906673420286181,0.08475077651234728,0.19489915660514892,4,2,3,0
0.18209446625300746,0.001183256914653158,0.16740671770778814,4,2,2,1
0.17886539192098266,0.06641029433515776,0.1655982088387753,4,0,3,1
0.22090667342028614,0.1831090075432614,0.21089211160047378,3,0,3,1
0.1980498923641889,0.21076763792338107,0.18886585655015276,3,3,1,1
0.12454096492338863,0.046886555243304984,0.10938949629350378,3,3,0,0
0.09073065721159936,0.03401863629639851,0.06939624230226717,1,1,1,1
0.08490566037735849,0.022186067149826575,0.06118847016571792,1,1,1,1
0.1368241104216791,0.17985505102795596,0.11400292989151156,2,3,3,0
0.07876408762821326,0.008874426859933995,0.05470892793905717,4,4,1,1
0.18108142332531338,0.15130897796183712,0.15951639207809984,4,0,3,1
0.04685323540585033,0.027067001922788086,0.02310201100701409,1,1,1,1
0.13226541724705584,0.000887442685989028,0.11069371882867626,2,2,2,0
0.17550968722299604,0.12586895429670172,0.14318297661151722,0,1,1,0
0.09319994934785361,0.010945126460582906,0.06313939422002818,2,2,2,1
0.08319615043687477,0.05221121135925933,0.05534215016198142,2,3,0,0
0.28871723439280733,0.05724005324655627,0.24113247531048132,2,4,3,1
0.3184753703938204,0.2967016713503882,0.2673138849085208,3,4,1,1
0.158287957452197,0.10057683774589506,0.12033040432704167,4,0,3,0
0.5391920982651639,0.05250702558793019,0.4771464101395571,2,1,0,1
0.5242497150816765,0.3446235763940244,0.472575162067244,2,3,1,0
0.164049639103457,0.051323768673273665,0.12847283167945184,4,4,1,1
0.11542357857414208,0.11240940689246698,0.08350778917985521,0,0,1,1
0.38400658477902994,0.12039639106640522,0.3467858856829361,0,1,3,1
0.2036849436494871,0.13370803135630452,0.17308039355693575,1,1,1,1
0.26636697480055715,0.30187842035201395,0.23704194370706538,2,0,3,0
0.1646194757502849,0.10841591480549786,0.13817181919771512,3,3,2,0
0.255983284791693,0.015234432776216156,0.2295070445752952,3,3,2,0
0.4371280232999873,0.5928117142434515,0.3979186090143671,0,1,3,0
0.12802329998733694,0.03978701375535913,0.09742643569562226,2,3,1,0
0.21856401164999364,0.1550066558201421,0.18508961292732792,0,0,1,0
0.17019121185260222,0.17630528028397968,0.13874180927139773,3,4,3,1
0.260731923515259,0.15190060641916536,0.21953493792662204,3,3,3,0
0.17424338356337848,0.16905783168169836,0.13972801164218815,4,3,1,0
0.20216537925794606,0.040970270670015664,0.16704181727634063,4,4,0,1
0.14657464860073444,0.03756840704037479,0.11431443621958215,4,0,1,0
0.12492085602127391,0.0318000295814209,0.09409420445257188,1,1,2,1
0.3905913638090414,0.027954444608787196,0.35121771623982195,2,3,2,1
0.36684817019121185,0.2187546220973193,0.3313006693282884,3,3,1,1
0.13296188425984548,0.06936843662179905,0.10342023432636652,0,1,0,1
0.1428390528048626,0.05990238130454016,0.11304137811625942,4,4,3,0
0.1180195010763581,0.006951634373613785,0.08764959625414481,4,0,3,1
0.11485374192731417,0.042745156042007154,0.08496901404220902,0,0,1,1
0.17766240344434592,0.12912291081200716,0.14289726408993458,0,1,0,1
0.1159301000379891,0.10042893063155962,0.07966216906028453,0,0,1,1
0.20672407243256932,0.1357787309569602,0.1617710584056414,0,0,1,0
0.3731796884892997,0.4351427303653289,0.30115346031869944,4,0,3,0
0.12777003925541344,0.04200562047034349,0.08196982887211407,1,1,2,1
0.25053817905533743,0.1869545925159018,0.19198878216970225,3,1,1,0
0.18937571229580852,0.10693684366217722,0.14028456419449653,4,0,3,1
0.1702545270355831,0.07025587930779145,0.12181254709288461,0,1,3,0
0.1750664809421299,0.03801212838336763,0.11723663592427583,3,3,2,0
0.16886159301000378,0.06729773702114342,0.11353889093025243,0,1,3,1
0.6199189565657844,0.14154710841590737,0.4749684140164017,3,3,2,1
0.7389515005698366,0.4250850465907418,0.5901310059524831,4,0,0,1
0.5421679118652653,0.43070551693536036,0.43395338804702754,0,1,3,0
0.2557933392427504,0.012276290489574855,0.17216456726674315,0,0,3,1
0.6161833607699125,0.20677414583641196,0.4288706826152698,1,1,2,0
0.8392427504115485,0.012424197603903557,0.6031385024730203,2,2,0,1
0.5030391287830822,0.21195089483803758,0.35416495925309543,4,0,3,1
0.2501582879574522,0.04289306315633586,0.16051017469482476,1,1,2,1
0.46903887552235024,0.03934329241235958,0.3323612863562168,3,0,1,0
0.5581866531594276,0.4713799733767153,0.40686897291078855,3,4,0,0
0.4906293529188299,0.305132376867326,0.3479379951062743,0,2,3,0
0.5067114093959731,0.5979884632450772,0.362249268689231,0,1,2,0
0.46131442319868304,0.36399940837154177,0.33290913382676457,0,0,2,0
0.41699379511206786,0.3478775329093298,0.30189311512800754,2,3,2,0
0.33177155881980497,0.011980476260903998,0.23104518637683102,4,0,3,1
0.3676712675699632,0.08534240496967553,0.2515520810998767,3,3,2,1
0.33582373053058123,0.14524478627421908,0.2255555887536323,1,0,1,0
0.3508294288970495,0.3122319183552651,0.2390452591848652,1,2,3,1
0.2811827276180828,0.03431445052506936,0.1858576878702888,2,3,1,0
0.2336963403824237,0.0906670610856366,0.14535527837293108,1,2,0,1
0.34316829175636315,0.24685697382043859,0.23167213324555924,4,0,1,1
0.2034316829175636,0.07247448602277579,0.12493947804247393,1,1,1,0
0.2381917183740661,0.05383818961691543,0.14510364896149577,0,1,2,1
0.16423958465239963,0.09998520928856679,0.09329891977472768,4,4,1,1
0.3115740154489046,0.19775181186215263,0.2072965816372695,1,2,3,1
0.2604786627833354,0.08415914805501902,0.16861632507910965,4,1,0,0
0.2656071926047866,0.18207365774293355,0.1739788210568842,4,0,3,0
0.3057490186146638,0.003401863629637498,0.20576503419157277,4,0,1,1
0.2592123591237179,0.050140511758610416,0.17054457070625312,4,4,3,1
0.2404710649613777,0.09791450968791789,0.15368144643126672,0,0,2,0
0.10725591996960872,0.019819553320513533,0.05031507647988763,3,4,1,0
0.19469418766620236,0.05502144653157866,0.11758733286190143,3,3,2,0
0.2317335697100164,0.06966425085046318,0.1437308812799289,3,3,2,1
0.15771812080536912,0.043040970270671296,0.08804932553419645,4,4,3,1
0.20476130176016208,0.1311936104126561,0.12442556753118933,4,4,2,0
0.2488919842978346,0.025735837893802866,0.15917464431537365,0,1,2,1
0.39122451563885013,0.08874426859931639,0.2706397151526516,2,3,1,1
0.17937191338482966,0.060346102647533,0.10425669235634336,1,1,2,0
0.13460807901734836,0.042153527584678906,0.07027635440777852,2,2,2,0
0.2561099151576548,0.022038160035497877,0.16154125947658712,0,1,3,1
0.22571862732683295,0.058867031504212346,0.13953431634192773,0,2,1,1
0.10985184247182476,0.12246709066705413,0.052600573466216646,0,1,3,0
0.16658224642269215,0.20780949563673978,0.09662278128631044,1,2,0,0
0.0702165379257946,0.0005916284573248981,0.022292886510863044,4,4,2,0
0.07363555780676206,0.010353498003254646,0.02415724328971204,0,0,1,1
0.09870837026719007,0.05546516787457822,0.0426696630119483,2,2,1,1
0.07255919969608712,0.010501405117583348,0.022343863227178615,4,4,1,1
0.18196783588704568,0.05028841887294584,0.09260262990875626,2,2,2,1
0.9999999999999999,0.4565892619435019,0.5638905577170898,4,0,3,1
0.6078890717994174,0.14317408667357018,0.34361176236066393,4,4,2,0
0.48277827022920095,0.177932258541629,0.26635981560275,0,0,1,1
0.6897556033936938,0.014051175861552911,0.40236946585600797,0,2,1,1
0.8170191211852601,0.06936843662179905,0.4903914087002426,1,1,2,1
0.64625807268583,0.2819109599171683,0.3808926347829205,3,3,0,0
