candle_size,gap_size,noisy_day,percentage,day_of_week,session,entry_day_of_week,entry_session,lowest_of_day,lowest_of_week,total_volume,success
15.73,4.210000000000036,False,0.014434370870650418,1,London,1,New York,True,True,90382,True
21.71,2.8400000000001455,False,0.020091434071222332,3,New York,4,Sydney,True,True,102848,False
6.15,0.040000000000190994,False,0.005457594931092318,1,Tokyo,1,Tokyo,True,False,41392,True
25.32,1.6899999999998272,False,0.020433196681623033,4,Sydney,4,Tokyo,True,False,69181,True
25.56,10.839999999999918,False,0.02086649849379148,0,Sydney,3,London,True,True,65385,False
27.16,1.5199999999999818,False,0.022259740685495105,0,Tokyo,3,London,True,True,61210,False
17.49,0.41000000000008185,False,0.014406919275123557,0,Tokyo,1,Tokyo,True,True,57545,True
18.71,0.13999999999987267,False,0.015466388916443474,1,New York,2,Tokyo,False,False,114292,True
20.51,1.009999999999991,False,0.017035449682713713,2,New York,2,Sydney,True,False,89382,True
18.37,1.7999999999999545,False,0.015013444265550808,0,Sydney,1,Tokyo,True,True,32133,True
20.79,3.740000000000009,False,0.017070226864053992,0,Tokyo,1,Sydney,True,True,42852,False
11.71,0.2999999999999545,False,0.009527683983564543,2,Sydney,2,Tokyo,True,False,48216,True
17.89,5.730000000000018,False,0.014141174610702714,1,New York,3,London,True,False,77633,False
16.58,0.5199999999999818,False,0.013065405831363277,4,Tokyo,4,London,True,False,64342,True
22.66,2.1099999999999,False,0.018129305309982316,0,London,2,New York,True,True,50130,False
31.12,6.059999999999945,False,0.025111962880774663,0,New York,2,New York,True,True,52643,False
24.31,0.459999999999809,False,0.01963825541849437,1,New York,1,Tokyo,True,True,44915,True
14.78,3.9700000000000273,False,0.011853871756827205,0,Tokyo,0,Tokyo,True,True,44524,True
18.14,6.5,False,0.0146732887903839,2,Tokyo,1,London,True,True,28638,False
20.95,6.789999999999964,False,0.017110700926183046,2,London,2,New York,True,True,58781,True
15.1,3.3400000000001455,False,0.012427063015908287,0,New York,0,Tokyo,True,True,29103,False
7.69,0.4900000000000091,False,0.0063032786885245905,1,Tokyo,1,Tokyo,True,False,26769,False
26.28,9.88000000000011,False,0.021536570374923174,4,London,4,New York,True,False,59932,False
14.91,1.2200000000000273,False,0.012152975889669564,2,Tokyo,2,London,True,False,30730,True
12.06,2.199999999999818,False,0.009633511199156468,2,Tokyo,1,London,True,False,31397,True
16.67,3.259999999999991,False,0.013354589588707482,2,Tokyo,2,London,True,True,46142,True
21.15,0.06999999999993634,False,0.017018571566513242,3,New York,3,Tokyo,True,True,38779,True
18.35,4.629999999999882,False,0.014843396104316314,3,Sydney,3,Tokyo,True,True,25774,False
19.68,4.5,False,0.016022535761681063,3,New York,4,New York,True,True,59356,False
20.88,7.610000000000127,False,0.01691551155650251,4,New York,0,Sydney,True,True,57117,False
16.32,4.410000000000082,False,0.012757774268694986,0,Tokyo,3,London,True,True,49200,True
22.76,3.8300000000001546,False,0.017873830858273716,0,London,2,Tokyo,True,True,64596,False
18.01,4.540000000000191,False,0.01421916942997,0,New York,1,Tokyo,True,True,59935,True
8.31,2.7000000000000455,False,0.006528040723661988,3,Tokyo,3,London,True,False,31478,True
17.7,5.429999999999836,False,0.013877781436703202,0,New York,1,New York,True,True,54851,False
11.22,0.6499999999998636,False,0.008793861539787912,2,Tokyo,2,London,True,False,32674,True
10.17,1.6699999999998454,False,0.008125079892624312,0,Tokyo,0,New York,True,True,39617,True
11.33,0.36000000000012733,False,0.009107350990715808,1,Tokyo,4,New York,True,True,42423,False
18.13,1.0299999999999727,False,0.014612129760225669,1,London,4,London,True,True,58916,True
17.86,7.779999999999973,False,0.01452079742430648,1,New York,2,Sydney,True,True,55915,True
9.6,1.0399999999999636,False,0.007832386919913843,2,Tokyo,3,New York,True,True,42486,False
15.26,0.900000000000091,False,0.012554607606808776,4,New York,1,London,True,True,48592,True
15.66,0.6200000000001182,False,0.012984536296173459,0,Sydney,0,Tokyo,True,True,44659,False
8.52,1.509999999999991,False,0.006857584391751581,0,Tokyo,0,Tokyo,True,True,32729,True
11.81,0.5499999999999545,False,0.00950770840880731,1,Tokyo,1,London,True,True,36417,False
5.79,0.5599999999999454,False,0.004566174035109856,4,Sydney,4,Tokyo,True,False,21907,True
19.23,2.6100000000001273,False,0.014938242833838267,0,Sydney,0,Tokyo,True,True,35672,True
13.95,0.4700000000000273,False,0.010845059472906787,1,Tokyo,4,Sydney,True,False,37067,False
22.08,2.4500000000000455,False,0.017215703091497406,1,Tokyo,4,Sydney,True,True,51183,False
20.93,4.480000000000018,False,0.016406807296443494,1,London,4,Sydney,True,True,58633,False
14.76,4.579999999999927,False,0.011191313842047797,1,Tokyo,1,London,True,True,63994,True
18.14,3.230000000000018,False,0.013317573470571394,3,London,3,New York,True,False,126705,True
18.65,2.599999999999909,False,0.013709001631848986,0,Tokyo,1,Tokyo,True,True,110474,True
27.1,3.6200000000001182,False,0.02008047007565373,1,London,4,London,True,True,121517,False
22.22,4.900000000000091,False,0.016606503591100347,3,Tokyo,4,New York,True,True,76632,True
26.25,6.279999999999973,False,0.01973179788625464,3,Tokyo,3,London,True,True,114739,True
23.18,3.240000000000009,False,0.01746560376135867,2,Tokyo,3,London,True,True,87939,False
18.55,3.300000000000182,False,0.014043774179139509,2,London,3,Tokyo,True,True,94816,True
11.76,2.650000000000091,False,0.008855488369641338,4,Tokyo,2,London,True,False,58840,True
11.51,3.240000000000009,False,0.008728028269408678,0,Sydney,0,Tokyo,True,True,36830,True
13.16,1.1700000000000728,False,0.009839399467655592,3,New York,4,New York,True,False,80686,True
27.84,12.870000000000118,False,0.020651440185744278,4,London,2,Sydney,True,True,82740,True
16.8,1.650000000000091,False,0.012583327091603626,0,New York,0,Sydney,True,True,65649,True
18.52,3.810000000000173,False,0.013819967315628056,4,New York,4,Sydney,True,False,54287,True
7.75,1.6900000000000546,False,0.005745762963182634,4,Sydney,4,Tokyo,True,False,36829,True
12.66,1.6299999999998818,False,0.009464359137293014,0,Sydney,0,Tokyo,True,True,60353,True
15.21,4.380000000000109,False,0.011426811311115786,2,London,4,Tokyo,True,True,69212,True
15.52,0.020000000000209184,False,0.011692293783948711,2,New York,4,Tokyo,True,True,65367,True
11.8,0.18000000000006366,False,0.0089429169066602,0,Sydney,0,Tokyo,True,True,51732,True
7.23,0.41000000000008185,False,0.00547010357637339,1,Tokyo,4,Tokyo,True,False,52162,True
12.55,2.5,False,0.00954350851311377,1,New York,2,Sydney,True,True,61528,True
9.12,1.6800000000000637,False,0.006976423970747976,3,Tokyo,3,London,True,True,41469,False
11.05,0.16000000000008185,False,0.008293678790699073,4,New York,2,New York,True,False,67164,True
13.69,0.41000000000008185,False,0.010352624454577766,2,New York,2,Tokyo,True,True,61368,True
13.17,0.5199999999999818,False,0.009879377081645513,1,London,2,Sydney,True,True,75462,True
9.33,0.5499999999999545,False,0.007058075936726959,3,Tokyo,3,London,True,True,58843,True
14.84,4.1400000000001,False,0.011259056940176777,4,New York,0,New York,True,True,85949,True
41.64,13.61999999999989,False,0.03219994277627845,1,London,2,Tokyo,True,True,90792,False
43.51,17.820000000000164,False,0.03416327075432439,1,New York,2,Sydney,True,True,91317,True
6.35,1.209999999999809,False,0.00501516396032097,3,Tokyo,3,Tokyo,True,False,41211,True
18.29,3.8700000000001182,False,0.014573124576710091,3,New York,4,New York,True,True,70584,False
10.18,2.5800000000001546,False,0.008034220412286517,2,New York,3,Sydney,True,False,19178,False
9.91,0.36000000000012733,False,0.007818046987172408,4,Tokyo,4,London,True,False,51264,False
6.47,1.150000000000091,False,0.005075027257681175,0,Tokyo,0,London,True,True,49368,True
21.2,2.9500000000000455,False,0.016361559596209056,3,Tokyo,3,London,True,False,71343,False
17.97,5.0499999999999545,False,0.01386820191855036,0,New York,2,Sydney,True,True,51064,True
37.39,19.320000000000164,True,0.02926008529952655,2,New York,3,New York,False,False,166137,True
33.67,5.1400000000001,False,0.026344822190055163,3,London,2,Sydney,True,True,139837,True
32.66,6.229999999999791,False,0.025749178091911788,3,New York,4,Sydney,True,True,132377,True
42.65,21.189999999999827,False,0.03461401116738086,4,New York,2,New York,True,True,104506,True
20.38,2.209999999999809,False,0.016699305970944187,3,New York,1,New York,True,True,98002,True
23.54,0.6199999999998909,False,0.019332637993479132,4,New York,1,New York,True,True,87264,True
14.93,0.44000000000005457,False,0.012333644496947568,4,Sydney,4,Tokyo,True,True,64454,True
33.06,14.029999999999973,False,0.027644914205438673,2,London,0,Sydney,True,True,89513,True
30.38,16.980000000000018,False,0.02655664047134103,3,New York,3,Sydney,True,True,101931,True
18.48,3.4300000000000637,False,0.01625001099161999,3,Tokyo,4,London,True,True,83599,True
20.39,2.5499999999999545,False,0.017995675389435594,3,London,4,Tokyo,True,True,101350,False
11.7,0.39000000000010004,False,0.010312549579565285,1,Tokyo,2,New York,True,True,42418,True
7.96,0.44000000000005457,False,0.0069833137402838955,2,London,2,New York,True,False,44898,False
14.74,2.759999999999991,False,0.012785150490068523,4,New York,1,New York,True,False,42009,False
12.75,3.6200000000001182,False,0.011074629977069001,1,Tokyo,1,London,True,False,55491,False
13.07,3.0,False,0.010922522793558471,4,New York,4,Tokyo,True,False,70209,False
18.92,7.350000000000136,False,0.015699681359532664,3,New York,3,Tokyo,True,False,64649,True
6.88,0.4399999999998272,False,0.005664183098011772,1,Tokyo,1,London,True,False,45673,True
8.83,1.990000000000009,False,0.007324761509746993,2,Tokyo,2,Tokyo,True,False,39342,True
10.91,0.1899999999998272,False,0.009102058183092364,3,Tokyo,0,London,True,False,43289,True
14.63,3.0499999999999545,False,0.01224841766853086,3,Tokyo,0,New York,True,False,53999,True
14.32,0.25,False,0.012019876443728178,3,London,4,New York,True,False,71402,True
8.18,0.2400000000000091,False,0.0068935876151389255,4,Sydney,4,Tokyo,True,False,47339,True
14.16,0.8199999999999363,False,0.011741196175819438,2,London,2,New York,True,False,95487,False
22.28,1.1800000000000637,False,0.018125315240559055,4,New York,4,London,True,False,72658,False
12.96,2.8099999999999454,False,0.01057053138126504,0,London,0,New York,True,False,62081,False
9.47,0.6899999999998272,False,0.007642335471896058,4,New York,2,Tokyo,True,False,62818,True
6.47,1.5299999999999727,False,0.005237424514708502,1,Sydney,1,London,True,False,25822,False
8.19,0.6200000000001182,False,0.00664896855744173,1,Tokyo,1,London,True,False,39920,False
15.89,4.439999999999827,False,0.012720650042028579,2,New York,2,New York,True,False,60590,True
11.61,1.050000000000182,False,0.009328298248433231,3,Tokyo,1,London,True,False,38165,True
15.33,0.3999999999998636,False,0.012339021249195106,3,London,1,London,True,False,56051,False
9.61,2.5,False,0.007827645190193043,0,New York,3,Tokyo,True,True,38773,True
9.96,0.9600000000000364,False,0.008155912217490994,1,London,2,New York,True,True,45818,True
11.09,1.7799999999999727,False,0.00910666042585339,1,New York,2,New York,True,True,44728,True
9.52,2.2799999999999727,False,0.00783855217330446,2,Tokyo,2,New York,True,True,38349,False
6.98,0.2999999999999545,False,0.005597658286218373,3,Sydney,3,Tokyo,True,False,22277,True
6.26,0.09000000000014552,False,0.005031790304559959,4,Sydney,4,Tokyo,True,False,28464,True
6.34,0.5299999999999727,False,0.005066690108766013,3,Sydney,3,Tokyo,True,False,22602,True
9.27,0.06999999999993634,False,0.007450091619249686,4,New York,4,London,True,False,39455,False
13.59,3.4600000000000364,False,0.010868000575788109,2,London,2,New York,True,False,43815,False
19.49,1.349999999999909,False,0.015458929534566452,4,New York,1,London,False,False,69641,False
6.08,0.2899999999999636,False,0.004718994729938451,2,Sydney,1,Tokyo,True,False,31122,True
8.97,0.2999999999999545,False,0.006968776463093453,2,Tokyo,4,London,True,False,26167,True
7.58,0.8200000000001637,False,0.005897272317052298,2,Tokyo,2,London,True,False,31269,True
10.73,0.36999999999989086,False,0.008434672557049987,0,Tokyo,0,London,False,False,40423,False
8.61,1.4300000000000637,False,0.0067585070057694565,1,Tokyo,2,New York,True,False,29981,True
11.03,1.2999999999999545,False,0.008673770298431171,1,Tokyo,2,New York,True,False,35436,True
9.49,2.9700000000000273,False,0.007510288065843622,0,Tokyo,0,Tokyo,True,True,17064,True
5.53,0.15000000000009095,False,0.004402866242038217,1,Tokyo,1,New York,True,True,28545,True
5.79,0.07000000000016371,False,0.004612406497199895,2,Tokyo,2,London,True,True,26377,False
13.93,2.5900000000001455,False,0.011267582848684371,3,Tokyo,0,Tokyo,True,True,35299,True
14.35,0.7899999999999636,False,0.011645742203033573,3,London,4,Sydney,True,True,51529,True
11.34,0.2899999999999636,False,0.009228816042188873,0,New York,4,Tokyo,False,False,38712,True
8.86,0.029999999999972715,False,0.007224278795192511,1,Tokyo,3,London,True,True,30241,True
12.63,2.1099999999999,False,0.010338392023967389,1,London,1,New York,True,True,41091,False
8.07,0.5499999999999545,False,0.006610798456661179,2,New York,3,Sydney,True,False,37512,True
8.4,0.6800000000000637,False,0.006889255222301504,3,New York,3,Sydney,True,False,32087,False
19.04,1.4700000000000273,False,0.01517107297094867,3,New York,4,London,True,False,84482,True
11.1,1.8299999999999272,False,0.008772761760242793,1,Tokyo,2,Tokyo,True,False,30986,False
9.86,0.17000000000007276,False,0.00780341102449448,4,Sydney,4,Tokyo,True,False,22278,False
17.56,0.40000000000009095,False,0.013675479926794127,3,London,3,Tokyo,True,False,50537,True
9.47,0.38000000000010914,False,0.007424073754684145,4,Tokyo,2,Tokyo,True,False,33288,True
11.01,1.6000000000001364,False,0.00867202268431002,4,London,4,New York,True,False,41396,True
15.28,1.459999999999809,False,0.012108916854217515,3,Tokyo,2,New York,True,True,40352,True
10.32,1.259999999999991,False,0.008275331173621581,0,New York,1,Tokyo,True,True,36009,True
7.9,2.1700000000000728,False,0.006349155321235112,1,New York,1,Sydney,True,True,30879,False
22.02,0.5799999999999272,False,0.0175460963521331,0,Tokyo,4,New York,True,True,25382,True
12.13,1.6099999999999,False,0.009722199958321978,3,Tokyo,4,Sydney,True,False,40348,True
8.08,1.9800000000000182,False,0.006525707086207175,0,Tokyo,1,Sydney,True,True,27719,True
11.64,0.6000000000001364,False,0.009417018591330518,0,Tokyo,1,Sydney,True,True,34035,True
18.93,4.829999999999927,False,0.015393748170315193,0,London,4,Tokyo,True,True,47481,False
17.65,6.350000000000136,False,0.014439163264805255,0,New York,1,New York,True,True,45321,False
11.38,2.3899999999998727,False,0.009303846625516086,2,Tokyo,2,London,True,True,33445,True
7.89,0.18000000000006366,False,0.00646212816144673,3,London,4,Tokyo,True,False,37137,False
7.54,0.44000000000005457,False,0.006074032303540501,2,Tokyo,2,Tokyo,True,False,22602,True
6.33,0.5599999999999454,False,0.005068460245015613,2,Sydney,2,London,True,True,30330,True
15.98,4.580000000000155,False,0.012651313028952348,4,London,1,Tokyo,True,True,45944,True
10.89,1.209999999999809,False,0.008480383758780194,0,Tokyo,0,London,True,True,34707,True
12.46,1.8400000000001455,False,0.009747015660935276,1,Sydney,2,New York,True,True,29758,False
9.23,1.540000000000191,False,0.0072329754721416825,1,Tokyo,2,New York,True,True,28136,False
5.82,0.36999999999989086,False,0.004510893575464459,1,Sydney,1,London,True,False,22196,True
9.57,1.009999999999991,False,0.007426491700488115,1,Tokyo,1,London,True,False,24879,True
20.47,2.8599999999999,False,0.015554829443992734,1,New York,3,London,True,False,66318,False
4.19,0.17000000000007276,False,0.0031741462379927883,4,Tokyo,4,Tokyo,True,False,22514,True
10.28,1.8399999999999181,False,0.007696569486246499,2,New York,3,New York,True,False,58685,True
14.71,1.1100000000001273,False,0.010897587862265159,4,London,2,Tokyo,True,False,71974,False
15.31,2.75,False,0.011425714200423893,0,New York,0,Sydney,True,False,47331,False
11.32,2.480000000000018,False,0.008517297939897372,1,New York,1,Tokyo,True,False,37067,True
10.8,0.34999999999990905,False,0.008131550415612577,4,Tokyo,4,Sydney,True,False,46915,True
13.01,1.0299999999999727,False,0.009866225808408662,0,New York,0,Sydney,True,False,34518,True
8.56,0.849999999999909,False,0.006504608697634481,0,Tokyo,1,New York,True,False,35673,False
11.43,2.1900000000000546,False,0.008732923810396993,0,New York,1,New York,True,True,39399,True
15.17,1.709999999999809,False,0.011607621088071007,1,Tokyo,4,New York,True,False,40192,False
19.37,2.119999999999891,False,0.014869688711472767,1,London,4,New York,True,False,52576,False
13.73,0.05999999999994543,False,0.01061633508339197,2,Tokyo,1,London,True,True,39755,True
7.23,0.05999999999994543,False,0.00563654790675918,3,Tokyo,3,Tokyo,True,True,31167,True
14.33,1.0,False,0.011158176693192967,4,New York,0,Sydney,True,True,43529,True
14.94,2.4300000000000637,False,0.011679904934642568,0,New York,2,Tokyo,True,False,37379,True
10.83,0.09000000000014552,False,0.008488591740278878,0,Sydney,0,London,True,False,28784,True
12.83,3.1900000000000546,False,0.010082752442100796,3,New York,4,London,True,False,33645,False
7.87,0.6700000000000728,False,0.006082950733509561,3,London,3,New York,True,False,70517,False
15.6,0.1799999999998363,False,0.011968880909634948,0,New York,4,London,True,False,93889,True
8.28,0.2300000000000182,False,0.006404653429351567,1,Tokyo,4,London,True,False,59463,False
11.4,1.8900000000001,False,0.008836592795851453,1,Tokyo,3,New York,True,False,82296,True
11.59,1.5499999999999545,False,0.009010479833317785,1,London,1,New York,True,False,107815,False
11.93,0.4799999999997908,False,0.009283035311327948,2,Tokyo,3,Tokyo,True,False,67422,True
11.81,3.479999999999791,False,0.009189731778108052,4,Tokyo,2,London,True,False,76625,True
9.88,0.09999999999990905,False,0.007730043109855805,0,New York,0,London,True,False,81793,False
7.66,0.7699999999999818,False,0.005987228288481229,1,Tokyo,1,New York,True,False,79314,True
6.16,0.6000000000001364,False,0.004833836858006043,2,Tokyo,2,London,True,False,58674,False
10.48,3.3799999999998818,False,0.008242492882198417,1,London,1,New York,True,True,98437,True
7.36,0.029999999999972715,False,0.00575881819035398,3,Tokyo,3,London,True,False,88291,True
5.93,0.5800000000001546,False,0.004588504750998174,0,Sydney,0,Tokyo,True,False,62586,True
18.98,10.740000000000009,False,0.01485411970949161,0,New York,1,New York,True,False,110454,False
5.71,0.2699999999999818,False,0.00442529314660818,3,Sydney,3,Tokyo,True,False,47283,True
7.64,0.849999999999909,False,0.005921516652327916,4,Tokyo,4,London,True,False,72805,True
14.46,5.6599999999998545,False,0.011224965067536096,2,London,4,London,True,False,127948,True
13.25,0.38000000000010914,False,0.010310321215139443,2,New York,3,New York,True,False,127668,True
12.93,0.2699999999999818,False,0.010134499623777276,3,New York,4,New York,True,False,128739,True
8.25,1.1200000000001182,False,0.006544969893138491,3,Tokyo,4,Tokyo,True,False,54855,True
10.54,3.2999999999999545,False,0.008386244649193996,3,Tokyo,2,New York,True,False,78016,True
8.83,0.32999999999992724,False,0.007031766382900783,3,London,2,New York,True,False,109518,True
13.04,0.900000000000091,False,0.010411011401015552,3,New York,2,New York,True,False,113120,False
10.82,1.0799999999999272,False,0.008686228073696463,0,New York,1,Tokyo,True,False,81844,True
9.72,0.5,False,0.007823693233954184,1,London,1,New York,True,False,91569,False
9.56,1.4700000000000273,False,0.007268138033801404,2,Tokyo,2,Tokyo,True,False,53200,False
12.08,1.240000000000009,False,0.009196942473429363,3,New York,3,Tokyo,True,False,80033,True
6.77,0.4900000000000091,False,0.005128205128205127,4,Tokyo,4,Tokyo,True,False,45465,True
7.35,0.22000000000002728,False,0.005572952603365002,0,Tokyo,0,Tokyo,True,False,40293,True
9.69,1.9400000000000546,False,0.007364341085271318,1,Tokyo,2,Tokyo,True,False,70713,False
11.19,0.08000000000015461,False,0.008521883496180764,1,London,1,New York,True,False,99377,True
10.17,2.6400000000001,False,0.007606354334948842,1,Tokyo,1,New York,True,False,90154,False
7.99,1.3300000000001546,False,0.005957751414872755,3,Tokyo,3,London,True,False,100695,False
21.85,8.439999999999827,True,0.016343780387463536,4,London,0,Tokyo,True,False,150112,False
24.45,3.7899999999999636,True,0.018387191384717196,1,New York,2,Sydney,True,False,200233,True
17.44,2.9400000000000546,True,0.01315640582683937,2,London,0,New York,True,False,159705,True
17.77,3.339999999999918,True,0.013478049816449744,2,New York,3,New York,True,False,163650,True
10.05,0.6800000000000637,True,0.00765067257405166,3,Tokyo,3,Tokyo,True,False,106028,True
9.11,0.4900000000000091,False,0.006892064668900977,0,Tokyo,0,London,False,False,61093,True
10.63,0.22000000000002728,False,0.00783576588530149,4,London,1,Tokyo,True,False,100758,True
8.52,2.6700000000000728,False,0.006343486386074112,1,Sydney,1,London,True,False,49160,True
11.48,0.12999999999988177,False,0.008562818868037116,1,Tokyo,1,Tokyo,True,False,58938,True
10.9,1.459999999999809,False,0.008156301678402263,0,London,1,New York,False,False,82081,True
21.28,1.490000000000009,False,0.016001925043614272,1,London,1,Tokyo,True,False,103771,False
11.77,1.5799999999999272,False,0.008970899833843997,3,Tokyo,3,London,True,False,69142,True
9.18,1.8099999999999454,False,0.006939037756528969,0,London,1,New York,True,False,108084,True
8.95,0.8600000000001273,False,0.006777479080686077,0,New York,1,New York,True,False,97915,False
11.6,1.4400000000000546,False,0.00873533442776029,2,New York,3,Sydney,True,False,116056,True
9.09,2.869999999999891,False,0.006889181938065572,0,Tokyo,0,London,True,False,61893,False
8.67,2.1399999999998727,False,0.006561222945360981,1,Tokyo,1,Tokyo,True,False,51168,True
10.57,1.9600000000000364,False,0.007984408874251227,3,Tokyo,2,London,True,False,64769,True
10.76,2.6099999999999,False,0.008154542216428825,3,London,4,Tokyo,True,False,91009,True
9.21,1.1600000000000819,False,0.007011907299692421,1,Tokyo,2,Sydney,True,False,61492,False
17.0,4.579999999999927,False,0.012631047113805733,1,London,2,Sydney,True,False,90563,True
14.19,1.2799999999999727,False,0.010575188922508236,2,Tokyo,0,New York,True,False,83099,True
18.53,2.630000000000109,False,0.013866646711067875,2,London,0,London,True,False,116176,False
18.38,3.769999999999982,False,0.013829635147438357,2,New York,0,Sydney,True,False,114983,False
16.02,4.689999999999827,False,0.011980705231275472,2,New York,0,New York,False,False,114785,True
9.29,0.2699999999999818,False,0.0069748410201737315,3,Sydney,4,New York,True,False,53627,True
10.4,1.1099999999999,False,0.007823019234096328,3,Tokyo,3,Tokyo,True,False,53015,True
16.52,1.1400000000001,False,0.012277416094414222,3,London,4,London,True,False,120802,True
15.19,0.8699999999998909,False,0.011336751524378866,3,New York,4,Sydney,True,False,122469,True
4.88,0.4900000000000091,False,0.0036275515513729687,2,Sydney,2,Tokyo,True,False,42319,True
13.72,1.759999999999991,False,0.010170195101701952,3,London,4,Tokyo,True,False,116741,False
13.24,2.4200000000000728,False,0.009980852443198095,0,London,1,New York,True,False,97574,True
9.06,1.9500000000000455,False,0.006824858757062147,2,Tokyo,0,Tokyo,True,False,49081,True
11.97,1.1499999999998636,False,0.00902912401656471,2,Tokyo,3,Tokyo,True,False,69201,True
8.5,0.09000000000014552,False,0.0064281932995538076,0,Tokyo,3,Tokyo,True,False,35311,True
12.39,3.4600000000000364,False,0.009403960441128475,0,Tokyo,0,London,True,False,52561,True
7.82,1.9299999999998363,False,0.005957323622845041,1,Tokyo,2,New York,True,False,32602,True
8.4,1.5399999999999636,False,0.006410843483835516,1,Tokyo,2,Sydney,True,False,49264,True
8.65,1.1100000000001273,False,0.006578747223996837,0,Tokyo,0,London,True,False,59396,True
12.45,1.7899999999999636,False,0.009495553487804505,2,Tokyo,2,Tokyo,True,False,58145,False
9.04,0.32999999999992724,False,0.006838124054462934,4,New York,0,New York,True,False,75469,True
5.42,0.9400000000000546,False,0.004129681130709741,1,Tokyo,2,New York,True,False,46063,False
17.92,0.39000000000010004,False,0.013671249179877632,1,Tokyo,1,Tokyo,True,False,70947,True
21.52,11.150000000000091,False,0.016575904858003344,1,London,2,Tokyo,True,False,105383,True
22.12,3.9400000000000546,False,0.017109354454465295,1,New York,2,New York,True,False,108945,False
6.49,0.650000000000091,False,0.005028162357735545,0,Sydney,0,New York,True,False,39259,False
9.98,0.42000000000007276,False,0.007746823259099413,0,Tokyo,0,London,True,False,51540,False
4.53,1.1000000000001364,False,0.003476512436398241,4,Sydney,4,Tokyo,True,False,42960,False
11.43,2.7899999999999636,False,0.00879521687942935,0,New York,0,Sydney,True,False,69513,True
7.37,0.30999999999994543,False,0.005701951196868183,1,New York,1,Sydney,True,False,44517,True
25.98,4.040000000000191,False,0.020087370008118454,4,London,3,New York,True,False,97981,False
25.13,11.720000000000027,False,0.019624839908787054,4,New York,0,New York,True,False,88561,True
13.68,0.18000000000006366,False,0.010682659419950336,1,Tokyo,4,Tokyo,True,False,62000,True
12.9,3.9200000000000728,False,0.010245332020236517,1,Tokyo,1,London,True,False,47231,True
6.61,0.5200000000002092,False,0.005284322111810181,0,Tokyo,1,London,True,False,36873,False
11.12,5.069999999999936,False,0.008946817925818648,0,New York,1,Tokyo,True,False,55973,False
8.81,1.6200000000001182,False,0.0069946170824269184,0,New York,1,Sydney,False,False,53425,True
12.96,3.5299999999999727,False,0.010330644389886172,1,Tokyo,1,London,True,False,52147,True
11.14,3.1800000000000637,False,0.008947288104283295,2,New York,3,Tokyo,True,False,65805,False
10.76,1.349999999999909,False,0.008653482705097994,3,New York,3,Sydney,True,False,55083,False
11.74,1.1700000000000728,False,0.009441017764231893,4,Tokyo,4,London,True,False,49478,True
10.99,1.3699999999998909,False,0.008972087745222098,3,Tokyo,3,New York,True,True,38130,True
16.16,4.5499999999999545,False,0.013256985348406044,3,Tokyo,3,New York,True,True,55745,False
10.53,0.12999999999988177,False,0.008574988395670974,0,London,1,Tokyo,True,True,76310,True
10.59,1.8099999999999454,False,0.008733084287870166,0,Tokyo,1,Tokyo,True,True,40627,False
7.64,1.1600000000000819,False,0.006304618710854012,1,New York,2,New York,False,False,47176,False
15.0,2.1099999999999,False,0.012448132780082987,0,Tokyo,4,London,True,True,48243,False
17.47,1.1800000000000637,False,0.014531450150554806,0,London,4,London,True,True,67253,False
13.4,0.03999999999996362,False,0.01121573550952082,0,New York,1,New York,True,True,58159,True
8.51,2.1900000000000546,False,0.007154507087249676,2,Tokyo,0,Tokyo,True,True,21547,True
13.87,0.6000000000001364,False,0.01169921133651048,2,London,0,Sydney,True,True,57419,False
14.46,4.889999999999873,False,0.0122657754328224,2,New York,3,Tokyo,True,True,55910,True
8.65,0.6000000000001364,False,0.007253425461619736,1,London,1,New York,True,False,50106,False
8.75,0.8399999999999181,False,0.007331255446075474,3,Sydney,4,Tokyo,True,False,19196,False
10.26,0.020000000000209184,False,0.008601104898270559,3,Tokyo,4,Tokyo,True,False,24727,False
14.68,1.9500000000000455,False,0.01214668696630701,1,New York,4,Tokyo,True,True,44173,True
7.4,0.029999999999972715,False,0.006140773073539907,3,Tokyo,3,Tokyo,True,False,21461,True
10.24,2.3099999999999454,False,0.008558080449299224,1,Tokyo,2,London,True,True,46351,False
5.77,0.16000000000008185,False,0.004822277753169582,2,Tokyo,2,Tokyo,True,False,19743,True
15.68,1.25,False,0.013030831878999418,4,London,0,London,True,False,55456,True
5.61,0.08999999999991815,False,0.00467589621344091,1,Sydney,1,Tokyo,True,False,18915,True
19.25,6.019999999999982,False,0.016026574975231654,4,London,0,London,True,True,58152,True
8.8,1.2699999999999818,False,0.007348827110491286,2,London,2,New York,True,True,59276,True
16.53,6.589999999999918,False,0.013916835751029241,3,London,4,London,True,True,47799,False
5.95,0.25,False,0.004998445861370835,0,Sydney,0,Tokyo,True,True,14591,True
6.93,0.13000000000010914,False,0.005825585500764976,0,Tokyo,0,Tokyo,True,True,20397,True
7.8,0.3100000000001728,False,0.00647238449283059,2,Tokyo,2,London,True,False,31761,True
11.1,4.960000000000036,False,0.009271633812228532,0,Tokyo,3,Tokyo,True,True,15141,False
18.15,0.19000000000005457,False,0.015188665824246632,0,Tokyo,3,New York,True,True,19553,True
13.87,3.1200000000001182,False,0.011657225462675027,0,London,1,New York,True,True,23260,True
8.0,0.5,False,0.006538404956110957,3,New York,3,Sydney,True,False,27975,True
6.93,1.7300000000000182,False,0.005659822609888763,0,Tokyo,1,Sydney,True,True,31460,False
8.57,1.3799999999998818,False,0.007019009476072304,2,Sydney,3,Tokyo,True,True,13082,False
8.29,1.009999999999991,False,0.006802665266198384,2,Tokyo,2,Tokyo,True,True,20740,True
12.45,5.710000000000036,False,0.010144880298560975,1,New York,2,New York,True,False,42592,False
15.04,4.9699999999998,False,0.012395127659925165,4,London,2,New York,True,True,41771,True
7.5,0.4800000000000182,False,0.0062322381213541405,0,New York,1,New York,True,True,31518,False
4.09,0.13999999999987267,False,0.003344536303346989,1,Sydney,1,Tokyo,True,False,16385,True
8.61,3.4700000000000273,False,0.007036613272311213,4,Tokyo,4,London,True,False,23634,False
5.13,0.8099999999999454,False,0.004194054743451388,0,New York,1,New York,True,False,31029,True
5.5,1.009999999999991,False,0.004497101413725154,4,Tokyo,0,New York,True,False,19438,False
7.16,0.34999999999990905,False,0.00579161510026127,2,Sydney,2,Tokyo,True,False,21901,True
6.79,0.6300000000001091,False,0.005441751618901071,0,Tokyo,1,Tokyo,True,False,25259,True
8.5,0.8400000000001455,False,0.006831040246881831,1,New York,2,New York,True,False,60730,False
6.63,0.020000000000209184,False,0.0053290679355689164,3,London,0,London,True,False,48165,False
5.65,0.2899999999999636,False,0.004551826369978893,4,Tokyo,0,Tokyo,True,False,18810,True
8.43,1.0299999999999727,False,0.006799648321866153,4,Tokyo,4,London,True,False,32399,True
12.28,1.8200000000001637,False,0.009503981920764034,4,Tokyo,0,Tokyo,True,False,24266,False
19.19,1.6399999999998727,False,0.014902539411353577,4,London,0,New York,True,False,41348,False
8.56,1.3399999999999181,False,0.00666298230729114,1,Tokyo,1,London,True,False,20045,False
6.45,1.0899999999999181,False,0.005025203929787383,2,Tokyo,2,Tokyo,True,False,17419,False
8.56,1.0499999999999545,False,0.00664245584629233,3,New York,4,New York,True,False,25320,False
11.2,3.869999999999891,False,0.008706332302047542,4,Tokyo,2,Tokyo,True,False,18127,True
6.45,0.12000000000011823,False,0.005029828050064336,3,Tokyo,3,London,True,False,11651,True
6.48,0.5699999999999363,False,0.004937970555064468,2,London,2,New York,True,False,21932,False
7.14,1.0399999999999636,False,0.00542730527451979,0,Sydney,1,Tokyo,True,False,12689,True
7.53,1.0800000000001546,False,0.005732338611449453,0,Tokyo,0,London,True,False,12529,True
11.68,3.759999999999991,False,0.008931165792411568,3,New York,3,Tokyo,True,False,17172,False
9.66,0.5099999999999909,False,0.007402185407120197,3,Sydney,3,Tokyo,True,False,12565,False
9.28,2.3700000000001182,False,0.007094204615819771,0,Tokyo,0,London,True,False,15528,False
16.44,5.579999999999927,False,0.01238408750216571,3,New York,4,Tokyo,True,False,26875,True
4.21,0.2799999999999727,False,0.003170801512344284,2,Tokyo,2,Tokyo,True,False,10003,True
14.67,4.560000000000173,False,0.011150805716023109,3,New York,2,New York,True,False,29199,False
9.13,0.709999999999809,False,0.0069580989833401925,4,Tokyo,4,London,True,False,15751,True
10.12,0.7699999999999818,False,0.007721948800122086,4,Tokyo,4,London,True,False,19755,True
11.94,4.420000000000073,False,0.009259331063737388,0,Tokyo,0,London,True,False,21437,True
8.62,1.2799999999999727,False,0.006660639637760108,0,London,1,New York,True,False,22001,False
8.54,1.7000000000000455,False,0.006535297493782284,3,Sydney,1,Sydney,True,False,11586,True
14.44,1.240000000000009,False,0.01106895097926488,3,Tokyo,4,Tokyo,True,False,14972,True
14.02,3.540000000000191,False,0.010792003756417855,3,Tokyo,4,Sydney,True,False,20374,False
17.19,4.379999999999882,False,0.013093052836828115,3,London,4,Tokyo,True,False,29135,False
8.68,0.4800000000000182,False,0.0065769533854640235,1,Tokyo,0,London,True,False,13978,False
23.76,11.3900000000001,False,0.018343807420903913,3,London,4,Tokyo,True,False,32124,True
12.67,1.259999999999991,False,0.00982421859855622,3,London,3,New York,True,False,20231,False
6.43,0.07000000000016371,False,0.004981291107272065,4,Tokyo,4,Tokyo,True,False,7045,True
13.43,0.849999999999909,False,0.010290004980270466,3,Tokyo,4,New York,True,False,16832,False
16.02,4.029999999999973,False,0.012326964658084473,3,London,0,London,True,False,27768,True
15.62,1.0399999999999636,False,0.01207342995169082,3,New York,4,Sydney,True,False,29428,True
5.0,0.22000000000002728,False,0.0038842493688094775,1,Sydney,1,Tokyo,True,False,9653,True
14.46,4.110000000000127,False,0.011300847954358956,1,London,2,Tokyo,True,False,27402,True
9.11,0.4099999999998545,False,0.00715115548857071,1,Tokyo,2,Tokyo,True,False,14791,True
6.76,0.5899999999999181,False,0.005263075940891608,0,Tokyo,1,Tokyo,True,False,15756,True
4.95,0.13000000000010914,False,0.003859438471194555,2,Sydney,2,Tokyo,True,False,8306,True
5.83,1.0599999999999454,False,0.004550030827824648,2,Tokyo,2,Tokyo,True,False,7292,True
7.67,1.4199999999998454,False,0.006017385300947718,3,Tokyo,4,Tokyo,True,False,11510,False
12.17,5.829999999999927,False,0.009498981415715077,2,New York,3,New York,True,False,30426,False
6.6,1.8399999999999181,False,0.005136186770428016,0,Tokyo,0,Tokyo,True,False,12756,False
14.75,1.3899999999998727,False,0.011405815032477574,3,London,4,Tokyo,True,False,26729,False
13.65,0.3999999999998636,False,0.010620749754905776,4,London,3,London,True,False,26621,True
12.49,4.490000000000009,False,0.009770865765984245,4,New York,0,New York,True,False,27345,True
8.97,2.099999999999909,False,0.007006608239208886,1,London,2,New York,True,False,26766,False
15.26,0.9199999999998454,False,0.011408066385078307,0,New York,2,Tokyo,True,False,33226,True
15.97,3.4500000000000455,False,0.011958515856078475,0,Sydney,2,Tokyo,True,False,19742,True
12.62,4.3900000000001,False,0.009498863448192807,0,Tokyo,0,Tokyo,True,False,19624,True
10.01,3.339999999999918,False,0.00755916690580115,1,Tokyo,1,London,True,False,24408,False
17.91,0.9699999999997999,False,0.013294832014489956,4,New York,1,Tokyo,True,False,40824,True
24.18,7.910000000000082,False,0.017299602209312308,0,New York,1,London,True,False,41547,False
16.59,1.1599999999998545,False,0.011673808870405944,2,London,3,Sydney,True,False,56566,True
31.54,11.290000000000191,False,0.022515062391136747,4,London,4,New York,True,False,54505,True
15.36,4.0499999999999545,False,0.0109806837191347,0,New York,1,London,True,False,31380,True
8.73,0.8399999999999181,False,0.006259635033879468,2,Sydney,2,Tokyo,True,False,15026,False
16.49,1.8599999999999,False,0.011633485248260973,3,London,0,New York,True,False,38242,True
23.14,0.40000000000009095,False,0.016395998072726244,3,New York,4,Tokyo,True,False,39795,True
9.56,0.0500000000001819,False,0.006714190399269587,3,Tokyo,3,London,True,False,23470,False
12.96,2.240000000000009,False,0.009117707065519448,1,Sydney,1,Tokyo,True,False,21042,True
10.7,0.2400000000000091,False,0.007534733714060376,1,Tokyo,1,Tokyo,True,False,21729,True
22.73,5.460000000000036,False,0.01603493400492406,3,New York,4,Sydney,True,False,55581,False
28.74,5.889999999999873,False,0.020294603640882963,3,New York,3,London,True,False,60255,False
21.66,1.8599999999999,False,0.014297784701502388,4,Tokyo,4,London,True,False,46627,True
19.53,3.650000000000091,False,0.013008119251084012,0,Tokyo,0,London,True,False,42943,True
11.6,0.34999999999990905,False,0.007710766490072387,2,Tokyo,2,London,True,False,21254,True
6.93,0.33999999999991815,False,0.004627805565386952,4,Sydney,4,Tokyo,True,False,15799,False
14.55,1.800000000000182,False,0.009535543657061218,0,Tokyo,0,Tokyo,True,False,26967,True
14.83,0.15999999999985448,False,0.00960411364328133,2,Tokyo,2,London,True,False,38875,False
43.95,2.089999999999918,False,0.02856845704331095,3,London,4,Sydney,True,False,68508,False
25.38,2.5299999999999727,False,0.016826779640790022,0,New York,0,Sydney,True,False,56940,True
18.09,4.519999999999982,False,0.01211062240163885,1,Sydney,1,Tokyo,True,False,30551,True
27.24,0.4800000000000182,False,0.018149957023780174,3,New York,4,New York,False,False,64219,True
23.23,3.3300000000001546,False,0.01555292211487604,4,New York,0,New York,True,False,51121,False
16.35,6.629999999999882,False,0.010914844188095811,4,Tokyo,4,London,True,False,36998,True
13.98,0.9600000000000364,False,0.009355112856922984,0,Tokyo,2,London,True,False,30492,False
16.74,2.730000000000018,False,0.011247883462789258,0,Tokyo,2,Tokyo,True,False,41524,False
23.85,5.5499999999999545,False,0.016171684296175753,0,New York,1,London,True,False,55187,False
15.66,3.1499999999998636,False,0.010678777464097214,1,Tokyo,1,Tokyo,True,False,27141,True
12.01,2.400000000000091,False,0.007990153682389728,0,Tokyo,0,London,True,False,38363,True
20.2,1.259999999999991,False,0.013469540168569294,3,New York,4,Tokyo,True,False,72290,True
29.2,5.849999999999909,False,0.019624974796693326,4,London,4,New York,True,False,85072,False
18.24,9.980000000000018,False,0.012210715170340815,0,London,0,New York,True,False,58339,True
26.96,7.209999999999809,False,0.01803187682676423,1,London,1,London,True,False,65307,False
25.98,4.990000000000009,False,0.01749271137026239,1,New York,2,New York,True,False,62700,False
11.31,1.3800000000001091,False,0.007702942919217855,4,Sydney,4,Tokyo,True,False,19871,True
7.78,1.4300000000000637,False,0.005341572262272571,2,London,3,New York,True,False,41609,False
5.91,1.8700000000001182,False,0.004045811455602183,0,Sydney,0,Tokyo,True,False,9091,True
5.03,0.09999999999990905,False,0.0033236201690222743,0,Tokyo,0,London,True,False,31269,False
42.51,0.8500000000001364,False,0.026933872306454373,2,London,0,New York,True,False,88034,False
32.54,5.769999999999982,False,0.020828399336870876,2,New York,4,New York,True,False,76051,True
17.82,6.720000000000027,False,0.011438841993773471,1,Tokyo,1,London,True,False,42188,True
10.75,0.049999999999954525,False,0.00689929595091552,3,Tokyo,3,London,True,False,32937,False
18.64,1.3100000000001728,False,0.011791274204057364,0,Tokyo,0,Tokyo,True,False,42288,True
17.86,0.6000000000001364,False,0.011364504059660465,1,Tokyo,4,London,True,False,37509,True
25.64,3.4300000000000637,False,0.016415273118389716,1,London,2,Tokyo,True,False,53730,True
9.85,1.25,False,0.006271608396951425,1,Sydney,1,Tokyo,True,False,19687,True
7.15,0.2300000000000182,False,0.004554227150837278,1,Tokyo,1,Tokyo,True,False,26000,True
41.52,11.160000000000082,False,0.02503482083099687,1,New York,1,Sydney,True,False,83831,True
69.86,25.029999999999973,False,0.043856840625019614,4,New York,0,New York,True,False,101924,False
30.22,0.41000000000008185,False,0.018089200950550995,1,Sydney,2,Tokyo,True,False,44976,True
38.3,12.259999999999991,False,0.023264854883189773,2,New York,3,New York,True,False,83151,True
84.9,23.480000000000018,False,0.05273783271733392,3,London,1,Tokyo,True,False,104692,True
99.51,2.230000000000018,True,0.06511411820132963,0,Tokyo,1,London,True,False,112579,True
56.08,10.339999999999918,False,0.03691222157864252,2,Tokyo,2,Tokyo,True,False,72036,True
44.07,15.150000000000091,False,0.027877055039313797,2,New York,2,Sydney,True,False,50950,False
35.31,1.8599999999999,False,0.020774620955832605,4,Tokyo,4,London,True,False,55507,True
30.1,0.41000000000008185,False,0.01788143598030072,0,New York,0,Sydney,True,False,71493,True
22.44,1.75,False,0.013140173562720322,1,Sydney,1,Tokyo,True,False,30292,True
40.44,2.0499999999999545,False,0.023669193175499693,3,London,0,Tokyo,True,False,93803,True
38.48,2.910000000000082,False,0.022748097920866413,3,New York,4,London,True,False,94339,False
26.92,2.3600000000001273,False,0.015853572354008152,2,London,3,Tokyo,True,False,58794,True
37.58,7.319999999999936,False,0.021453935124396285,0,London,2,Tokyo,True,False,101019,True
16.04,0.029999999999972715,False,0.009188080699302301,3,Sydney,0,New York,True,False,35778,False
17.57,1.3399999999999181,False,0.010075812315773779,3,Tokyo,0,Tokyo,True,False,35748,True
10.57,3.4200000000000728,False,0.006112617900659839,0,Sydney,0,Tokyo,True,False,25612,True
15.33,0.9199999999998454,False,0.00886547380839473,1,Tokyo,4,Tokyo,True,False,48779,True
20.53,5.789999999999964,False,0.01197580339382485,1,New York,2,Sydney,True,False,79002,True
37.37,1.4500000000000455,False,0.021834392820416937,2,London,3,Tokyo,True,False,72525,True
42.88,15.650000000000091,False,0.025352229257938834,4,London,0,Tokyo,True,False,78195,False
19.05,0.7300000000000182,False,0.011019140333524217,0,Tokyo,1,Sydney,True,False,38180,True
29.12,3.759999999999991,False,0.01690153924732431,0,Tokyo,0,London,True,False,52352,False
29.86,3.099999999999909,False,0.016779900084854818,2,London,0,Tokyo,True,False,57254,False
13.69,2.230000000000018,False,0.007689542446948336,1,Tokyo,1,London,True,False,29777,False
15.74,0.9200000000000728,False,0.00874663110222,1,Sydney,1,Tokyo,True,False,29186,True
13.94,1.5799999999999272,False,0.007738382711320576,3,New York,4,Tokyo,True,False,44731,False
24.18,2.2100000000000364,False,0.01232202370639135,3,Tokyo,4,Sydney,True,False,44540,False
25.81,2.4700000000000273,False,0.01319138496764763,3,Tokyo,3,London,True,False,65146,True
48.44,4.5499999999999545,False,0.023779251572110922,4,New York,0,London,True,False,121501,True
71.21,17.0,False,0.035647955786723,1,Tokyo,1,Tokyo,True,False,89782,False
81.1,19.700000000000045,False,0.04130274248172952,1,London,3,New York,True,False,127976,True
96.34,8.639999999999873,False,0.04954104851772813,1,New York,2,Tokyo,True,False,137144,True
72.43,7.1099999999999,False,0.03668883632108684,2,New York,3,London,True,False,115807,True
38.14,10.11999999999989,False,0.019720785935884177,0,New York,1,Sydney,True,False,90205,True
28.33,9.11999999999989,False,0.014344812221192648,1,New York,0,New York,True,False,71734,False
16.93,0.7300000000000182,False,0.008766343042071197,0,Tokyo,0,London,True,False,35133,True
36.26,11.319999999999936,False,0.018700264568001196,0,Tokyo,3,London,True,False,61869,False
72.04,10.899999999999864,False,0.037444189757423606,0,London,4,London,True,False,106285,True
32.23,7.629999999999882,False,0.017051737182098584,2,Tokyo,2,Tokyo,True,False,63408,True
39.31,9.720000000000027,False,0.02104491115738981,2,New York,3,Sydney,True,False,107031,True
22.81,0.2400000000000091,False,0.012225056810873387,4,London,4,New York,True,False,101121,True
16.75,2.439999999999827,False,0.008853533484856494,2,Tokyo,2,Tokyo,True,False,37440,True
21.19,2.490000000000009,False,0.01114547501078255,4,Sydney,4,Tokyo,True,False,52210,False
46.35,19.75,False,0.024643244507773124,2,New York,2,Sydney,True,False,67053,False
38.77,1.400000000000091,False,0.02030098022788204,1,London,2,London,True,False,66114,True
25.85,5.480000000000018,False,0.01354885712638437,3,London,4,Tokyo,True,False,57903,False
41.51,15.11999999999989,False,0.02203033616032098,2,London,3,Tokyo,True,False,79596,True
112.71,67.63000000000011,False,0.05976678703806812,0,London,1,Tokyo,True,False,126183,True
27.98,6.740000000000009,False,0.014980190598565157,2,London,3,New York,True,False,77963,False
15.96,1.4400000000000546,False,0.008474981281761267,2,New York,2,Tokyo,True,False,41748,True
16.36,0.5499999999999545,False,0.008729383767401407,3,New York,4,London,True,False,41873,True
18.97,2.8299999999999272,False,0.01016814695303999,3,Tokyo,3,New York,True,False,37600,True
19.76,6.3400000000001455,False,0.010803068158831346,1,Sydney,1,Tokyo,True,False,38024,True
32.65,15.029999999999973,False,0.018053336134871967,1,London,1,New York,True,False,75707,True
37.14,18.200000000000045,False,0.020763683121820316,4,London,0,New York,True,False,62821,True
17.61,0.6900000000000546,False,0.009424974845325512,2,Sydney,3,Sydney,True,False,19967,False
38.72,9.490000000000009,False,0.021020743869402114,2,New York,3,Sydney,True,False,67852,True
9.77,0.2699999999999818,False,0.005316775324067524,0,Sydney,0,London,True,False,20956,True
36.39,11.970000000000027,False,0.01920793019904673,4,Tokyo,1,London,True,False,61201,False
66.26,26.87999999999988,False,0.03582744860550875,4,New York,0,New York,True,False,110549,True
33.46,1.2200000000000273,False,0.018130784402973752,4,London,1,Tokyo,True,False,89363,True
27.93,0.7200000000000273,False,0.015022671163248512,4,Tokyo,0,New York,True,False,74137,True
27.69,4.209999999999809,False,0.015043762190119688,1,London,2,New York,True,False,125297,False
20.36,4.710000000000036,False,0.011142610085266142,3,Sydney,0,Tokyo,True,False,46869,False
42.31,1.6499999999998636,False,0.023392362512508917,3,London,4,Tokyo,True,False,108447,True
12.23,1.9500000000000455,False,0.006650932109373301,3,Sydney,3,Tokyo,True,False,30634,False
26.34,12.11999999999989,False,0.014413921418408667,3,New York,4,New York,True,False,71549,True
33.6,1.9500000000000455,False,0.019276997837074945,0,London,2,New York,True,False,120013,False
28.08,3.3799999999998818,False,0.01625526791089705,0,New York,1,New York,True,False,115898,True
34.08,0.540000000000191,False,0.01975549101785994,2,London,2,New York,True,False,121398,True
32.65,4.339999999999918,True,0.019158212213140242,3,New York,4,London,True,False,146075,True
29.54,8.379999999999882,False,0.017417760927374893,0,Tokyo,0,London,True,False,91308,True
8.87,0.17000000000007276,False,0.005174365017325664,2,Sydney,2,Tokyo,True,False,46277,True
28.75,3.0699999999999363,False,0.01673223763851383,4,Tokyo,4,London,True,False,58956,False
36.21,9.769999999999982,False,0.020837169689715496,3,Tokyo,4,Tokyo,True,False,90797,True
35.59,3.730000000000018,False,0.020923601516799437,1,Tokyo,2,London,True,False,73088,False
21.59,2.509999999999991,False,0.012344902510149237,4,Tokyo,1,London,True,False,59427,True
17.52,3.8999999999998636,False,0.010104214126291141,0,New York,1,Sydney,True,False,68859,True
17.26,0.05999999999994543,False,0.009652326121118238,3,London,4,Sydney,True,False,72361,True
15.39,0.5,False,0.008659981768459434,2,New York,2,New York,True,False,46625,False
13.45,2.2799999999999727,False,0.007585285110846675,2,Sydney,2,London,True,False,29765,True
17.84,2.269999999999982,False,0.01001453904491386,3,Tokyo,0,Tokyo,True,False,52499,True
9.28,0.2300000000000182,False,0.005182880855175341,1,Tokyo,1,London,True,False,27171,True
12.04,1.2799999999999727,False,0.006404255319148936,1,Sydney,1,Tokyo,True,False,35112,False
21.97,0.5900000000001455,False,0.011544383082250444,2,New York,3,Tokyo,True,False,77924,True
10.71,1.400000000000091,False,0.005652371251543715,4,Tokyo,4,Tokyo,True,False,43062,True
27.54,5.379999999999882,False,0.014508558152766582,3,Tokyo,0,New York,True,False,68721,True
38.7,6.970000000000027,False,0.02054434552722524,3,London,4,Tokyo,True,False,100251,False
27.77,6.970000000000027,False,0.014718197140101124,4,London,3,Tokyo,True,False,88510,False
21.6,4.599999999999909,False,0.011494681049208942,4,New York,1,Sydney,True,False,79111,True
18.74,2.7000000000000455,False,0.010012074326562448,0,Sydney,1,Tokyo,True,False,34528,True
22.82,4.470000000000027,False,0.012228057014253562,0,Tokyo,0,London,True,False,45957,True
49.43,7.509999999999991,False,0.02733249653021615,3,Tokyo,1,Tokyo,True,False,94968,True
54.27,12.160000000000082,False,0.030308784353585732,3,London,4,Tokyo,True,False,133341,True
36.23,0.5,False,0.02041379776648373,4,New York,0,Sydney,True,False,80345,True
14.38,1.5900000000001455,False,0.008088330417859575,3,New York,4,Sydney,False,False,69022,True
11.07,1.849999999999909,False,0.006058217997340295,4,Tokyo,3,Tokyo,True,False,25960,True
15.93,0.2800000000002001,False,0.00872699781414179,4,Tokyo,4,London,True,False,41254,True
21.21,0.9399999999998272,False,0.011717196269942989,0,Tokyo,0,London,True,False,61885,True
13.52,1.1799999999998363,False,0.007511403221236381,0,New York,1,Tokyo,True,False,53088,True
19.64,5.319999999999936,False,0.010811822540778298,4,New York,0,Sydney,True,False,50242,True
8.34,1.0300000000002,False,0.004627292146364469,4,Sydney,0,London,True,False,19295,False
43.45,20.720000000000027,False,0.0244601319552343,4,London,4,London,True,False,67765,False
15.24,4.860000000000127,False,0.008477074630518581,2,Sydney,3,London,True,False,22002,True
8.61,1.6800000000000637,False,0.004814466885861907,3,Tokyo,3,Tokyo,True,False,20307,True
10.03,3.0399999999999636,False,0.0055374287118163095,0,New York,1,New York,True,False,28996,False
18.84,6.279999999999973,False,0.01038056564165009,1,Tokyo,1,London,True,False,33509,True
10.67,0.900000000000091,False,0.005964892665474061,0,New York,0,Sydney,True,False,30807,True
16.19,0.650000000000091,False,0.009022765904087833,2,New York,3,New York,True,False,48316,True
35.69,5.0499999999999545,False,0.019997646676490857,3,Tokyo,2,New York,True,False,49825,True
47.12,19.909999999999854,False,0.026727776013068926,3,London,4,Tokyo,True,False,74201,True
39.13,9.6099999999999,False,0.022318805861181935,3,New York,4,Tokyo,True,False,60878,True
26.39,3.3300000000001546,False,0.015133269107257548,1,Tokyo,2,Tokyo,True,False,57090,True
23.83,10.36999999999989,False,0.013801451382172206,2,New York,3,New York,True,False,62417,False
14.08,4.730000000000018,False,0.00799536632179078,1,Tokyo,1,Tokyo,True,False,28643,True
11.47,0.40000000000009095,False,0.006522270682762896,2,Sydney,2,Tokyo,True,False,19924,True
14.25,2.480000000000018,False,0.008120490990528943,2,Tokyo,2,Tokyo,True,False,31619,False
31.54,6.379999999999882,False,0.01764524881814876,4,Tokyo,2,Tokyo,True,False,47935,True
10.86,0.12999999999988177,False,0.006061316410763022,2,Tokyo,2,Tokyo,True,False,32566,True
9.08,2.6100000000001273,False,0.005090142613687326,2,Sydney,2,Tokyo,True,False,16908,True
9.45,0.2300000000000182,False,0.005171819331111366,2,Tokyo,2,Tokyo,True,False,30143,False
8.24,0.049999999999954525,False,0.0044292026360205974,4,Sydney,4,London,True,False,21715,False
12.15,0.21000000000003638,False,0.006524190517102508,0,Sydney,0,Tokyo,True,False,29513,True
27.56,10.920000000000073,False,0.014861068422386506,1,New York,2,New York,True,False,64042,False
40.23,1.6400000000001,False,0.021880540840412917,0,London,2,London,True,False,78291,False
43.49,26.460000000000036,False,0.024047952136336242,0,New York,1,New York,True,False,78882,True
27.22,7.4099999999998545,False,0.015129366645360307,1,Tokyo,4,Sydney,True,False,56506,False
18.25,1.099999999999909,False,0.010220024528058867,0,New York,1,New York,False,False,46364,False
15.93,0.6099999999999,False,0.008954619808091199,3,Tokyo,3,Tokyo,True,False,39931,True
19.33,3.4600000000000364,False,0.010925780433074649,3,New York,4,New York,True,False,74677,False
22.07,3.7899999999999636,False,0.01241079913849822,1,London,2,New York,True,False,59931,False
15.13,3.8300000000001546,False,0.008353024313760131,1,New York,3,London,True,False,43991,False
14.47,2.25,False,0.008007260211055222,2,New York,2,Sydney,True,False,37648,True
18.24,2.0599999999999454,False,0.010117650974323131,2,Tokyo,2,London,True,False,36589,False
10.89,0.30999999999994543,False,0.005961602680257734,0,Tokyo,0,Tokyo,True,False,23821,True
22.49,8.850000000000136,False,0.012414577330286268,3,New York,1,London,True,False,53918,False
17.83,3.2199999999998,False,0.009884194712537903,3,Tokyo,3,Tokyo,True,False,41558,True
13.05,0.5399999999999636,False,0.007174271577789995,4,New York,0,Sydney,True,False,65935,False
33.1,9.269999999999982,False,0.01805359353779528,2,New York,2,London,True,False,91112,True
25.07,0.9600000000000364,False,0.013951029493600445,3,New York,4,New York,True,False,84676,False
19.12,4.349999999999909,False,0.010665417161727218,4,Tokyo,4,London,True,False,57953,True
8.92,0.33999999999991815,False,0.004941362863331431,3,Tokyo,3,London,True,False,44819,True
96.52,23.559999999999945,False,0.05009055949681095,3,New York,1,London,True,False,109201,False
38.47,14.829999999999927,False,0.020315371453919435,4,London,0,New York,True,False,98618,False
74.32,18.819999999999936,False,0.03676241448731963,2,Tokyo,1,London,True,False,84611,True
76.37,9.329999999999927,False,0.038080469112286776,2,London,3,Tokyo,True,False,107996,True
32.5,5.120000000000118,False,0.016705131302332036,1,Sydney,3,Tokyo,True,False,30263,True
29.48,4.079999999999927,False,0.015231521188761327,1,Tokyo,3,Sydney,True,False,38430,True
31.31,11.529999999999973,False,0.016112017372778873,0,Tokyo,0,Tokyo,True,False,53704,True
39.34,4.930000000000064,False,0.020529466098201193,1,Tokyo,1,London,True,False,68124,False
22.1,0.25,False,0.011119105239060763,0,New York,4,New York,False,False,73161,True
21.57,3.9600000000000364,False,0.01089977462682042,1,New York,1,Tokyo,True,False,60652,True
38.19,6.8900000000001,False,0.01950688793882836,1,New York,2,New York,True,False,80872,True
19.97,1.2899999999999636,False,0.01024585958503499,3,Tokyo,3,London,True,False,58235,True
21.03,3.0599999999999454,False,0.010908015809620631,0,Sydney,0,Sydney,True,False,45042,True
21.94,5.029999999999973,False,0.011420064751871246,0,Tokyo,4,New York,True,False,58822,False
15.51,0.34999999999990905,False,0.008230256140853591,3,Sydney,3,Tokyo,True,False,41508,True
25.58,2.6700000000000728,False,0.013464149989999263,0,New York,3,Sydney,True,False,64982,True
27.66,1.7899999999999636,False,0.014614120643105844,0,Sydney,3,New York,True,False,45726,False
20.36,1.3699999999998909,False,0.010785726394304118,0,Tokyo,2,New York,True,False,44323,True
32.07,1.5800000000001546,False,0.017037576169706373,0,Tokyo,2,New York,True,False,56937,False
33.08,7.5,False,0.01767094017094017,0,London,1,London,True,False,77657,True
16.7,0.13000000000010914,False,0.008968272721414303,1,Tokyo,1,Tokyo,True,False,38909,False
21.4,3.900000000000091,False,0.011420581595786124,0,Tokyo,4,New York,True,False,55323,True
25.1,3.849999999999909,False,0.01343000080258969,0,Tokyo,0,London,True,False,78072,True
29.02,9.329999999999927,False,0.015712560844211746,1,New York,2,Tokyo,True,False,85364,True
32.52,1.2100000000000364,False,0.017671512022822987,2,New York,2,Tokyo,True,False,68964,True
30.46,13.399999999999864,False,0.016674969480316857,3,New York,4,Sydney,True,False,88228,True
38.64,0.1899999999998272,False,0.02118513969910961,4,New York,4,Sydney,True,False,68429,True
29.7,1.949999999999818,False,0.016332950214748048,4,London,0,New York,True,False,77143,False
23.19,4.209999999999809,False,0.012728470278280916,1,New York,2,London,True,False,67445,True
12.86,1.5200000000002092,False,0.006901511248497338,2,Tokyo,0,Tokyo,True,False,28853,True
14.43,0.3200000000001637,False,0.007760693137998355,2,Tokyo,4,Tokyo,True,False,39219,True
21.31,0.8099999999999454,False,0.011491711515439122,2,London,2,New York,True,False,50215,True
11.44,1.4600000000000364,False,0.006181244461734638,3,Tokyo,3,London,True,False,34723,True
21.13,1.2300000000000182,False,0.011493377573499414,2,New York,2,Tokyo,True,False,42217,False
20.51,5.1099999999999,False,0.011076607350201172,4,New York,0,New York,True,False,45100,True
17.17,6.869999999999891,False,0.009311633304951925,0,New York,1,Sydney,False,False,47143,False
25.42,5.1099999999999,False,0.013613529985111877,0,Tokyo,4,New York,True,False,47937,False
30.34,1.2899999999999636,False,0.016320953651504065,0,Tokyo,2,Tokyo,True,False,67961,True
43.8,7.490000000000009,False,0.023728648279672998,0,London,3,London,True,False,92914,False
39.9,11.339999999999918,False,0.021792322985165927,0,New York,1,Tokyo,True,False,87629,True
22.11,1.8800000000001091,False,0.012134683460936857,1,London,2,Tokyo,True,False,79586,False
20.72,2.5499999999999545,False,0.011425042457928053,1,New York,2,Sydney,True,False,74222,False
19.11,2.689999999999827,False,0.010375212417679665,4,New York,0,Sydney,True,False,67440,True
16.82,0.03000000000020009,False,0.009176964836184085,2,New York,2,Tokyo,True,False,40485,False
23.6,3.990000000000009,False,0.012929593977877246,4,New York,4,Sydney,True,False,49478,True
14.82,0.5299999999999727,False,0.008219816302081023,4,Tokyo,4,London,True,False,43652,True
22.5,3.8500000000001364,False,0.012520450068445127,4,Tokyo,4,London,True,False,66153,False
15.8,2.2100000000000364,False,0.008752153417494336,1,Tokyo,2,Tokyo,True,False,51748,True
46.9,0.2300000000000182,False,0.026049477344175245,1,London,1,London,True,False,79277,True
41.32,27.220000000000027,False,0.02335637693529515,1,New York,2,New York,True,False,74044,True
14.8,0.9799999999997908,False,0.008555506740351932,1,New York,2,Tokyo,False,False,63344,True
25.67,8.059999999999945,False,0.014946925894224443,3,Tokyo,0,Sydney,True,False,69658,True
31.3,0.650000000000091,False,0.01825562541556336,3,London,4,Sydney,True,False,100298,True
22.47,4.099999999999909,False,0.013239765254896414,3,New York,3,Tokyo,True,False,46056,False
31.2,11.110000000000127,False,0.017706045593067404,2,New York,2,Sydney,True,False,67711,False
27.8,6.420000000000073,False,0.01562579042330154,4,London,0,Tokyo,True,False,84489,False
20.49,4.079999999999927,False,0.011416822679860925,0,Tokyo,3,London,True,False,33706,False
28.78,7.160000000000082,False,0.016109892078276837,0,Tokyo,1,Tokyo,True,False,58132,True
17.05,4.120000000000118,False,0.00968056959222375,3,New York,3,Tokyo,True,False,68723,True
21.29,5.420000000000073,False,0.012246330127467672,0,Tokyo,0,London,True,False,55529,False
18.4,0.5800000000001546,False,0.010607816346414384,0,Sydney,0,Tokyo,True,False,37753,False
18.16,6.860000000000127,False,0.010522595187187466,0,Tokyo,0,Tokyo,True,False,45572,False
14.01,2.1799999999998363,False,0.008205506650501642,3,Sydney,3,Tokyo,True,False,37603,True
17.02,0.35999999999989996,False,0.009924198250728863,1,Tokyo,2,London,True,False,56915,True
19.68,1.0499999999999545,False,0.011496737333434592,1,London,2,London,True,False,86811,False
15.15,3.150000000000091,False,0.00889194090821052,1,New York,2,New York,True,False,80859,True
12.6,5.379999999999882,False,0.007455709535024083,3,Tokyo,3,Tokyo,True,False,35771,True
20.37,4.079999999999927,False,0.012199796370605498,0,Tokyo,0,London,True,False,33316,False
12.69,2.910000000000082,False,0.00759752855808607,1,Tokyo,2,Tokyo,True,False,54675,False
34.64,5.170000000000073,False,0.020829074116387864,4,Tokyo,3,London,True,False,81928,True
18.25,0.38000000000010914,False,0.011043405120509268,3,Tokyo,3,Tokyo,True,False,56003,True
19.73,3.480000000000018,False,0.011678702497928259,0,Tokyo,1,London,True,False,45911,False
22.13,0.5199999999999818,False,0.01313711755137901,0,Tokyo,1,London,True,False,64906,False
23.69,1.3999999999998636,False,0.014112278695165249,0,London,1,London,True,False,85250,True
16.74,3.2000000000000455,False,0.01015906153089896,2,Tokyo,4,London,True,False,43012,False
22.98,3.4300000000000637,False,0.013993253035525082,2,Tokyo,3,London,True,False,68261,True
14.54,0.07000000000016371,False,0.008918221017315087,2,New York,3,Sydney,True,False,85385,True
16.73,1.25,False,0.010164095772149283,1,Tokyo,1,London,True,False,69188,False
26.7,8.080000000000155,False,0.016151766107908316,4,Tokyo,1,Tokyo,True,False,86756,True
22.44,10.779999999999973,False,0.013807786262360245,3,Tokyo,3,London,True,False,84760,False
12.02,0.8599999999999,False,0.007190586433600737,1,Tokyo,1,Tokyo,True,False,41934,False
14.75,0.9800000000000182,False,0.008333380414578614,3,Sydney,3,Tokyo,True,False,47609,True
18.17,5.279999999999973,False,0.010365738865530638,4,New York,0,New York,True,False,81258,True
12.66,2.3199999999999363,False,0.007272852612711982,1,New York,2,New York,True,False,79077,True
15.19,1.3299999999999272,False,0.008657983983584598,4,Tokyo,4,London,True,False,61237,True
24.13,7.339999999999918,False,0.013844106071211374,0,New York,1,New York,True,False,79008,False
19.02,7.379999999999882,False,0.010575714778199125,0,Tokyo,4,Tokyo,True,False,69393,True
38.83,1.6799999999998363,False,0.02165161146425783,0,London,3,London,True,False,106961,True
32.61,20.589999999999918,False,0.018419566199728874,0,New York,1,New York,True,False,102597,False
14.61,3.9199999999998454,False,0.008157954983276471,0,Sydney,0,Tokyo,True,False,35720,False
17.9,3.980000000000018,False,0.010037514509535638,0,New York,1,New York,True,False,73436,False
34.85,0.7200000000000273,False,0.01939926299500128,3,Tokyo,0,Sydney,True,False,63237,True
35.28,11.970000000000027,False,0.019653282231828516,3,New York,4,New York,True,False,92380,False
13.84,2.3600000000001273,False,0.007656476471824831,2,Tokyo,2,London,True,False,47285,True
30.55,5.9099999999998545,False,0.016622051014189954,3,London,4,Sydney,True,False,104970,False
19.48,1.2100000000000364,False,0.010366609724816536,2,London,3,New York,True,False,89588,False
13.14,0.8299999999999272,False,0.006872420880862348,1,Tokyo,1,Tokyo,True,False,50039,True
24.82,3.769999999999982,False,0.012945220126114192,1,Tokyo,1,Tokyo,True,False,58639,False
47.81,4.059999999999945,False,0.02455295241421103,3,London,4,Tokyo,True,False,130447,False
45.96,24.75999999999999,False,0.023954842307712356,3,New York,2,Tokyo,True,False,128957,False
55.5,23.3900000000001,False,0.02941503823954971,4,London,3,Tokyo,True,False,128192,True
55.66,15.759999999999991,False,0.02981269315850647,4,New York,0,New York,True,False,127113,False
28.28,6.2999999999999545,False,0.015378424527173263,2,Tokyo,3,New York,True,False,67446,True
21.33,5.290000000000191,False,0.011651917404129793,4,Sydney,4,London,True,False,43628,False
17.76,0.7200000000000273,False,0.009714420115851025,4,Tokyo,4,Tokyo,True,False,46334,True
12.67,0.2699999999999818,False,0.006886730406518206,1,Tokyo,1,London,True,False,46442,True
15.94,1.8800000000001091,False,0.00871595500948694,3,New York,3,Sydney,True,False,75253,True
17.4,3.75,False,0.009581550559199114,4,London,0,Tokyo,True,False,94048,False
36.0,7.8400000000001455,False,0.019612543311033147,1,London,3,London,True,False,95152,False
31.63,15.279999999999973,False,0.017396900128702958,1,New York,2,London,True,False,99818,False
24.19,1.2100000000000364,False,0.013331863650141917,2,New York,2,Tokyo,True,False,86757,True
43.97,0.8699999999998909,False,0.02219586067642605,0,London,0,New York,True,False,157500,True
33.22,9.789999999999964,False,0.016867653405773186,1,Tokyo,2,New York,True,False,78308,False
46.62,7.930000000000064,False,0.02384642533797781,1,London,2,New York,True,False,115321,False
34.01,9.809999999999945,False,0.017511430572146474,1,New York,2,New York,True,False,95829,False
27.81,8.679999999999836,False,0.014046093004227463,4,New York,3,London,True,False,123610,True
34.33,3.4300000000000637,False,0.017437903184842788,0,Tokyo,1,London,True,False,73907,False
29.89,6.509999999999991,False,0.015254436239110353,0,London,1,New York,True,False,93638,True
15.6,2.3099999999999454,False,0.00792823927019541,2,Tokyo,2,Tokyo,True,False,43211,True
27.38,7.509999999999991,False,0.013917481230716055,0,New York,0,Tokyo,True,False,68187,False
27.49,2.380000000000109,False,0.013993311309181423,0,Sydney,0,Tokyo,True,False,50329,False
15.31,1.9099999999998545,False,0.0075898035871860715,3,Sydney,3,Tokyo,True,False,44274,True
23.74,5.079999999999927,False,0.01186596557170562,0,Sydney,0,Tokyo,True,False,41688,True
52.01,3.7200000000000273,False,0.025644565630069376,4,London,2,New York,True,False,126624,False
33.87,1.509999999999991,False,0.016916222992478348,0,London,1,Tokyo,True,False,103028,True
39.02,21.470000000000027,False,0.019701995950537995,2,Tokyo,2,London,True,False,86466,False
23.6,0.6400000000001,False,0.011793513567537856,4,Tokyo,1,New York,True,False,55227,True
12.18,1.1300000000001091,False,0.006131819005618317,0,Sydney,0,Tokyo,True,False,42866,True
45.26,5.190000000000055,False,0.02218344720770882,4,Tokyo,2,Tokyo,True,False,79635,True
50.14,20.089999999999918,False,0.02483715170278638,4,London,4,New York,True,False,124858,False
11.95,1.1000000000001364,False,0.005877868227539903,2,Tokyo,2,Tokyo,True,False,43307,True
11.95,2.199999999999818,False,0.005937475157007711,4,Tokyo,4,Tokyo,True,False,53156,True
29.71,9.879999999999882,False,0.01492050099938731,1,New York,2,New York,True,False,88809,True
11.22,0.9499999999998181,False,0.005641309266428679,2,Tokyo,4,London,True,False,59627,True
19.76,0.5399999999999636,False,0.009985093104929382,3,Tokyo,4,London,True,False,59580,True
29.59,3.9500000000000455,False,0.015033506581922196,3,London,4,Tokyo,True,False,88498,True
18.74,3.0,False,0.009519600522206474,1,Sydney,1,London,True,False,36828,False
18.28,2.160000000000082,False,0.00930474042930077,1,Tokyo,1,London,True,False,48691,False
6.89,0.16000000000008185,False,0.003544129296420892,0,New York,1,New York,False,False,22546,True
33.72,14.820000000000164,False,0.017258410404180507,4,New York,0,London,True,False,86080,False
30.93,2.089999999999918,False,0.015860399766170635,0,New York,0,London,True,False,70189,False
8.58,0.09000000000014552,False,0.004378489268108472,0,Sydney,0,Tokyo,True,False,34748,False
31.08,5.990000000000009,False,0.01596564407093102,1,New York,2,Sydney,True,False,92467,False
23.11,9.650000000000091,False,0.011880098906578521,3,New York,3,London,True,False,78030,False
23.43,0.34999999999990905,False,0.012081928158163424,3,Sydney,3,Tokyo,True,False,65632,True
27.01,1.75,False,0.013885533032762867,1,London,2,Tokyo,True,False,89592,True
9.92,0.16000000000008185,False,0.005135878147149122,3,Tokyo,4,London,True,False,30553,True
18.8,6.600000000000136,False,0.009808013355592655,3,New York,4,Sydney,True,False,81706,False
11.24,1.4400000000000546,False,0.005878784074980648,2,Tokyo,2,London,True,False,56761,True
6.8,0.2400000000000091,False,0.003530688432322414,1,New York,2,New York,False,False,28760,True
12.73,0.8500000000001364,False,0.00646813440305674,4,Tokyo,2,Tokyo,True,False,69275,False
14.4,1.4299999999998363,False,0.007363205448772032,1,New York,1,Sydney,True,False,66869,False
39.66,13.639999999999873,False,0.02023046199519488,3,London,4,Tokyo,True,False,122328,True
13.15,0.25,False,0.006695553439681465,1,Sydney,3,New York,True,False,36244,False
11.57,2.769999999999982,False,0.0059023685996031075,1,Tokyo,2,London,True,False,41800,True
18.02,1.1300000000001091,False,0.009204443876899502,1,Tokyo,2,London,True,False,64832,True
18.78,0.4900000000000091,False,0.009611447756305274,1,London,2,Tokyo,True,False,102144,True
16.49,0.38000000000010914,False,0.008475578102272318,1,New York,2,New York,True,False,95930,False
12.21,3.2100000000000364,False,0.00629715776933114,0,Tokyo,0,London,True,False,32170,True
7.86,0.029999999999972715,False,0.00406170064336098,1,Tokyo,1,Tokyo,True,False,37722,True
14.37,4.170000000000073,False,0.00749229654269879,2,New York,3,Sydney,True,False,75552,False
15.37,0.2899999999999636,False,0.008090751171237563,2,New York,3,Tokyo,True,False,83353,True
15.44,3.9200000000000728,False,0.008147929243889053,3,New York,3,Tokyo,True,False,70242,False
9.49,2.4400000000000546,False,0.004891097069464917,0,London,2,London,True,False,30460,True
15.99,0.32999999999992724,False,0.008328038249601566,1,Tokyo,4,Tokyo,True,False,55166,True
14.76,3.5900000000001455,False,0.0077073705647372134,1,London,2,London,True,False,76013,True
7.66,0.5900000000001455,False,0.003962629199300591,1,New York,2,Tokyo,True,False,61089,True
23.22,0.37999999999988177,False,0.01203932223074849,3,Sydney,3,Tokyo,True,False,75892,True
14.78,2.880000000000109,False,0.007769378765099824,1,New York,2,New York,True,False,71819,True
23.61,2.8999999999998636,False,0.012477473430538894,2,London,4,Tokyo,True,False,79817,False
24.11,11.410000000000082,False,0.012836553563727551,2,New York,3,Tokyo,True,False,86258,True
34.77,3.3299999999999272,False,0.018805471272573867,0,New York,0,New York,True,False,93098,False
16.3,1.7299999999997908,False,0.00885566354998017,0,Tokyo,0,New York,True,False,63694,False
19.14,0.7400000000000091,False,0.010411000630969735,0,London,0,New York,True,False,124190,False
18.35,2.3299999999999272,False,0.010053968166999973,1,Sydney,1,Tokyo,True,False,41362,False
16.19,1.6200000000001182,False,0.00887604782868515,3,Tokyo,4,Sydney,True,False,69113,True
12.27,1.199999999999818,False,0.006598086716174722,1,Tokyo,1,London,True,False,102900,True
17.21,3.259999999999991,False,0.009193179632913826,3,New York,4,New York,True,False,142580,False
14.34,3.3199999999999363,False,0.007455082349026784,0,Sydney,0,Tokyo,True,False,48236,True
19.48,0.9299999999998363,False,0.010144882250622338,0,Tokyo,0,Tokyo,True,False,59376,True
10.39,0.2599999999999909,False,0.005418231122236129,1,Sydney,1,Tokyo,True,False,34002,False
27.38,1.3099999999999454,False,0.013880509999746521,1,Tokyo,1,London,True,False,80884,True
13.47,1.6100000000001273,False,0.006808738639465411,1,New York,3,London,True,False,69921,False
12.76,1.25,False,0.006456934373054949,1,Sydney,3,London,True,False,38576,False
14.14,0.8099999999999454,False,0.007163265719670105,1,Tokyo,2,Tokyo,True,False,47517,True
19.46,2.980000000000018,False,0.00988796016361373,1,Tokyo,1,New York,True,False,78521,True
19.27,4.809999999999945,False,0.009858038112290574,2,New York,3,London,True,False,108555,False
17.38,1.9699999999998,False,0.008892754809660253,4,Tokyo,1,Tokyo,True,False,69971,False
21.69,5.899999999999864,False,0.011136497830719072,4,London,0,London,True,False,116897,False
21.34,4.309999999999945,False,0.01100680833505261,4,New York,0,New York,True,False,114084,True
19.56,0.08999999999991815,False,0.009881382989471981,0,Tokyo,1,New York,True,False,77741,False
16.5,4.120000000000118,False,0.008280555248868324,2,New York,3,New York,True,False,87054,False
34.46,9.840000000000146,False,0.01663263877827814,0,Tokyo,2,London,True,False,36667,False
16.36,1.240000000000009,False,0.008178159914019345,0,Tokyo,2,New York,True,False,25210,False
20.93,7.060000000000173,False,0.01055428928737116,0,New York,1,New York,True,False,35393,False
17.3,5.139999999999873,True,0.0083197876290048,3,Tokyo,3,London,True,False,159715,True
23.17,0.9099999999998545,True,0.01118896652968191,1,London,4,London,True,False,301130,False
27.45,4.2199999999998,True,0.013343055049216186,2,Tokyo,4,London,True,False,186829,True
34.97,5.399999999999636,True,0.017068527918781724,2,London,3,Tokyo,True,False,334427,True
23.52,0.9900000000000091,True,0.011518006679660336,4,Tokyo,4,London,True,False,186679,True
20.15,9.430000000000064,True,0.009909949786309023,0,Tokyo,0,London,True,False,128154,True
20.06,4.790000000000191,True,0.009905683669942225,2,New York,3,New York,True,False,282341,False
20.43,2.1900000000000546,True,0.00998914542200839,1,Tokyo,1,London,True,False,216033,True
21.03,1.0,True,0.010358483317078938,1,New York,2,New York,True,False,335631,True
27.4,11.789999999999964,True,0.013650448870599722,2,New York,3,New York,True,False,408122,False
25.72,9.350000000000136,True,0.012733555790995416,2,New York,3,Tokyo,True,False,410908,False
21.75,1.9300000000000637,True,0.010706111097437918,0,Tokyo,1,London,True,False,127219,False
23.91,0.35999999999989996,True,0.011787325297641055,0,Tokyo,1,New York,True,False,187879,True
9.89,0.42000000000007276,False,0.004899459523726959,0,London,1,New York,False,False,70747,True
11.57,0.19000000000005457,False,0.005707717504982537,2,New York,3,New York,True,False,95543,True
15.24,1.5599999999999454,False,0.007519835787312991,3,London,4,New York,True,False,113041,True
11.2,0.7999999999997272,False,0.0051396658299413065,1,Tokyo,1,Tokyo,True,False,50193,True
9.55,1.0199999999999818,False,0.004396828758482887,3,Tokyo,4,Tokyo,True,False,22352,True
19.27,2.480000000000018,False,0.008900939517954308,3,London,4,New York,True,False,45142,True
14.17,1.9299999999998363,False,0.006580230517038013,0,Sydney,0,Tokyo,True,False,19039,False
22.52,1.599999999999909,False,0.009898248467134035,2,Tokyo,2,London,True,False,45969,False
21.84,2.350000000000364,False,0.009515676467000123,3,Tokyo,3,London,True,False,35140,True
40.6,0.13000000000010914,False,0.017259923393147896,2,London,3,New York,True,False,65886,False
40.18,2.380000000000109,False,0.01685233030231856,0,Sydney,2,London,True,False,33987,False
38.27,10.650000000000091,False,0.016144681999966253,0,Tokyo,4,Tokyo,True,False,38129,True
41.46,7.760000000000218,False,0.017689449050034774,0,London,3,London,True,False,50478,True
25.52,4.8400000000001455,False,0.010967711435730157,1,Tokyo,2,New York,True,False,27148,True
31.55,6.960000000000036,False,0.013611106317624118,1,Tokyo,2,New York,True,False,35668,False
32.92,7.100000000000364,False,0.014328929900541907,1,New York,2,Tokyo,True,False,45159,False
32.9,11.950000000000273,False,0.014271399508092187,3,Tokyo,3,London,True,False,34094,False
19.87,2.3099999999999454,False,0.008574560267895673,1,Tokyo,1,London,True,False,35670,True
22.79,4.699999999999818,False,0.009677118010734424,0,Tokyo,1,London,True,False,28852,False
25.63,4.5099999999997635,False,0.010907404097404863,0,Tokyo,1,Tokyo,True,False,37403,True
23.5,0.7300000000000182,False,0.009858168226494561,3,London,4,Tokyo,True,False,51640,True
44.28,10.420000000000073,False,0.01849299621620267,2,New York,3,Tokyo,True,False,57691,False
28.62,5.2400000000002365,False,0.012059869541033897,3,Tokyo,3,Sydney,True,False,38532,True
26.99,7.370000000000346,False,0.011554086739127643,1,Tokyo,1,London,True,False,48569,True
84.59,14.930000000000291,False,0.03633466203910519,4,London,2,Tokyo,True,False,65280,True
61.28,1.0,False,0.026501636891247283,4,New York,0,London,True,False,60733,True
14.69,1.0,False,0.006365452363103775,1,Tokyo,1,Tokyo,True,False,37548,True
17.35,1.5900000000001455,False,0.007466540431208849,0,Tokyo,0,London,True,False,34977,True
52.03,35.34999999999991,False,0.022377339664189377,4,New York,0,Sydney,True,False,48960,False
22.8,3.25,False,0.009589744021131085,0,Tokyo,0,London,True,False,41894,True
15.88,0.930000000000291,False,0.00658893821833119,4,Tokyo,4,London,True,False,36724,False
43.65,10.049999999999727,False,0.01784786990885933,4,New York,2,New York,True,False,91182,False
37.11,5.75,False,0.015243501692353192,4,Sydney,2,New York,True,False,70649,False
32.85,0.09999999999990905,False,0.013540528843181302,4,Tokyo,2,London,True,False,80950,True
32.34,4.510000000000218,False,0.013428503805573205,4,London,0,New York,True,False,121967,True
38.98,12.400000000000091,True,0.01623415836842127,3,New York,0,New York,True,False,95864,True
35.37,14.269999999999982,True,0.014869779076366845,3,Tokyo,3,Tokyo,True,False,106558,True
23.76,3.1900000000000546,False,0.009946749723701399,3,New York,3,Sydney,True,False,99989,False
18.42,2.319999999999709,False,0.007469434926299143,1,Tokyo,1,Tokyo,True,False,74380,True
17.5,1.5199999999999818,False,0.00696101829753381,1,Sydney,1,Tokyo,True,False,53731,True
25.7,12.180000000000291,False,0.01023252110208632,2,Tokyo,3,New York,True,False,68960,False
16.53,0.6200000000003456,False,0.006559653961388124,4,Sydney,4,Tokyo,True,False,52862,True
32.69,10.25,False,0.01305177590392232,4,New York,0,New York,True,False,113095,True
11.49,1.849999999999909,False,0.004601816696304128,1,Sydney,1,Tokyo,True,False,40871,True
24.98,0.07999999999992724,False,0.010027537593230409,2,Tokyo,2,London,True,False,93575,False
31.81,8.5300000000002,False,0.012040029977063004,0,London,1,Tokyo,True,False,123785,False
18.81,0.7600000000002183,False,0.007081865004066142,2,Tokyo,2,London,True,False,66191,True
17.23,3.549999999999727,False,0.006598877846077249,2,New York,3,Sydney,True,False,46709,False
49.69,3.8899999999998727,False,0.01810734679450038,2,London,4,New York,True,False,57216,True
54.39,20.079999999999927,False,0.019729110140595755,3,London,4,Tokyo,True,False,58287,True
29.09,6.820000000000164,False,0.010624465854887839,4,New York,0,New York,True,False,51623,False
89.25,3.5700000000001637,False,0.032726832702631346,2,Tokyo,1,Sydney,True,False,68395,True
86.89,23.320000000000164,False,0.032443674435624195,2,London,3,Tokyo,True,False,69101,False
30.0,3.4900000000002365,False,0.011128834810995289,4,Tokyo,4,Tokyo,True,False,45169,True
22.32,7.619999999999891,False,0.008343550943509076,0,Sydney,0,Tokyo,True,False,37741,True
64.74,8.159999999999854,False,0.024651869452472608,0,New York,1,New York,True,False,52262,True
36.26,9.059999999999945,False,0.013891975143095772,1,Tokyo,1,Tokyo,True,False,45336,True
46.16,20.429999999999836,False,0.017853965699963642,2,New York,0,New York,True,False,56781,False
30.09,7.349999999999909,False,0.01172962226640159,3,Sydney,3,London,True,False,42560,False
44.52,1.050000000000182,False,0.01738722905682484,3,Tokyo,3,London,True,False,48658,False
73.13,40.09999999999991,False,0.027819199926961757,0,New York,1,New York,True,False,52911,False
24.31,2.7100000000000364,False,0.009205718072517277,2,New York,3,Tokyo,False,False,49858,False
38.61,10.5,False,0.014635866021743415,0,Sydney,0,Tokyo,True,False,37525,False
30.97,11.940000000000055,False,0.011764929342045281,3,New York,4,New York,True,False,49617,True
45.27,10.289999999999964,False,0.016769523696629797,3,London,3,New York,True,False,62495,False
31.61,11.449999999999818,False,0.011826017987818564,4,Tokyo,3,Tokyo,True,False,54266,False
36.02,2.7899999999999636,False,0.013517925700196276,4,London,4,Sydney,True,False,58704,True
27.24,2.5599999999999454,False,0.010251816837216652,4,New York,0,Tokyo,True,False,52507,False
23.82,2.1700000000000728,False,0.008999308617348038,1,Tokyo,1,London,True,False,45447,True
65.78,1.9100000000003092,False,0.024926391736169794,2,New York,3,London,True,False,49324,True
62.03,14.809999999999945,False,0.02369266379181929,3,New York,3,Tokyo,True,False,47072,True
25.09,4.710000000000036,False,0.0095769938392714,0,London,1,Sydney,True,False,47376,True
26.65,4.070000000000164,False,0.010172959395959063,4,London,4,New York,True,False,43269,False
22.73,0.49000000000023647,False,0.008600108210776431,4,New York,0,New York,True,False,43686,True
22.23,2.9100000000003092,False,0.00843406405791163,0,Tokyo,0,Tokyo,True,False,34887,True
32.15,8.75,False,0.012022331995856688,0,London,1,Sydney,True,False,57053,True
22.4,6.809999999999945,False,0.008105340478576932,0,Sydney,0,Tokyo,True,False,37604,True
36.74,9.200000000000273,False,0.013191437414277201,0,Sydney,0,Tokyo,True,False,49878,False
63.03,29.440000000000055,False,0.021825245676849243,4,New York,0,New York,True,False,57263,False
24.27,2.8600000000001273,False,0.00824828458111153,1,Tokyo,1,London,True,False,37886,True
43.66,12.66000000000031,False,0.015063223447014783,3,Tokyo,1,Tokyo,True,False,39627,False
34.0,7.25,False,0.011860492698820231,4,Tokyo,0,New York,True,False,45961,True
30.98,4.769999999999982,False,0.010716274693610707,0,New York,1,New York,True,False,46118,False
31.74,2.5899999999996908,False,0.010432827578952903,3,Tokyo,3,London,True,False,43857,False
30.76,4.569999999999709,False,0.010203776989753098,0,New York,1,New York,True,False,40478,True
102.0,9.58999999999969,False,0.032591920399027356,3,Tokyo,3,London,True,False,52034,True
120.8,28.76000000000022,False,0.039725473302048425,4,New York,0,Sydney,True,False,58893,True
89.72,29.139999999999873,False,0.03005131365639947,0,New York,1,New York,True,False,68830,False
44.49,0.8500000000003638,False,0.01383524582517026,0,London,0,New York,True,False,57355,True
101.41,14.0,False,0.029736474024203218,1,New York,1,London,True,False,52913,False
136.64,0.8600000000001273,False,0.04053120077835092,2,New York,2,Sydney,True,False,48683,True
83.54,14.349999999999909,False,0.025108953743500348,4,Tokyo,0,New York,True,False,52494,True
43.6,2.9200000000000728,False,0.013113334095270176,1,Tokyo,1,London,True,False,39890,True
78.17,2.6799999999998363,False,0.023758361928265977,3,New York,0,Tokyo,True,False,51793,False
92.25,31.889999999999873,False,0.028373615152279423,3,Sydney,4,Sydney,True,False,45344,False
81.58,20.65000000000009,False,0.024723234931342868,0,New York,2,New York,True,False,43593,False
84.12,40.44999999999982,False,0.025609722683114695,0,Sydney,1,London,True,False,43399,False
76.95,24.63000000000011,False,0.023792297417631347,0,Tokyo,0,London,True,False,57717,False
69.95,23.539999999999964,False,0.02187106234894272,2,London,3,London,True,False,51423,False
56.49,0.8299999999999272,False,0.017482506661549938,4,Tokyo,0,New York,True,False,46033,True
62.16,5.789999999999964,False,0.018752771735687283,3,Tokyo,3,London,True,False,55379,True
57.13,9.840000000000146,False,0.017142462777481052,1,Tokyo,0,Tokyo,True,False,41323,False
59.5,21.129999999999654,False,0.017978057705032947,1,Tokyo,2,New York,True,False,52154,True
48.5,2.3400000000001455,False,0.014683443131176128,2,New York,3,Tokyo,True,False,45925,False
41.0,6.150000000000091,False,0.012174589553014398,1,Tokyo,2,Sydney,True,False,40484,True
58.29,16.710000000000036,False,0.017521341829986773,4,New York,0,Tokyo,True,False,51994,True
36.22,4.920000000000073,False,0.010909967167685773,1,Sydney,1,Tokyo,True,False,35690,False
41.71,3.6599999999998545,False,0.01215900279269352,0,Tokyo,1,London,True,False,41757,True
30.03,6.7800000000002,False,0.00895004604669045,4,Tokyo,4,Tokyo,True,False,34847,True
53.3,13.390000000000327,False,0.01601143931724579,1,Tokyo,2,New York,True,False,46529,True
45.23,5.710000000000036,False,0.013615455935652445,4,Sydney,1,Sydney,True,False,33026,False
46.04,12.329999999999927,False,0.013947626722247131,4,Tokyo,0,New York,True,False,38140,False
52.38,0.25,False,0.015916570188792768,4,Tokyo,0,Tokyo,True,False,46782,True
45.03,3.4099999999998545,False,0.013734897865188759,4,London,4,New York,True,False,49488,True
42.07,6.640000000000327,False,0.012690340017857574,0,Tokyo,0,London,True,False,38491,False
21.03,1.3600000000001273,False,0.00628748422896847,3,Sydney,4,Tokyo,True,False,32646,False
34.84,3.7400000000002365,False,0.010454550910422144,3,Tokyo,3,London,True,False,44711,False
40.69,4.730000000000018,False,0.012073969009453837,3,Tokyo,3,London,True,False,45453,True
29.0,2.930000000000291,False,0.008624868768160553,4,Tokyo,4,New York,True,False,28437,True
36.43,8.889999999999873,False,0.01087813384613547,4,Tokyo,4,London,True,False,32884,False
43.4,1.7600000000002183,False,0.013030606914028018,0,London,1,London,True,False,40699,True
65.88,6.019999999999982,False,0.019935123096661744,2,New York,3,Tokyo,True,False,44451,True
32.42,4.099999999999909,False,0.009628806823919358,1,Tokyo,1,London,True,False,35223,False
25.35,2.8700000000003456,False,0.007523951989172634,2,Tokyo,2,London,True,False,36439,False
44.54,1.5100000000002183,False,0.013177202906440085,0,Tokyo,1,New York,True,False,40320,True
39.74,4.0,False,0.01181401985849337,0,Tokyo,2,Tokyo,True,False,48153,True
21.44,8.299999999999727,False,0.006429055492584396,0,New York,1,New York,False,False,33966,False
30.4,14.070000000000164,False,0.00915593705293276,1,New York,2,Sydney,True,False,37983,False
15.18,0.05999999999994543,False,0.004551696841398252,4,Tokyo,4,London,True,False,28277,False
15.72,0.7200000000002547,False,0.004667181283771748,0,Sydney,0,Tokyo,True,False,27735,True
19.68,3.7700000000004366,False,0.005813901961305647,2,Tokyo,2,Tokyo,True,False,35834,True
15.55,0.7300000000000182,False,0.004554854508280755,4,Sydney,4,Tokyo,True,False,36658,True
32.83,3.4200000000000728,False,0.008906915543015273,2,Tokyo,2,London,True,False,37615,True
162.03,30.890000000000327,False,0.038100052906942565,4,New York,0,New York,True,False,75440,True
100.1,9.700000000000273,False,0.02445525372631126,4,Tokyo,4,London,True,False,55345,False
80.34,12.049999999999727,False,0.019670011923445117,0,Sydney,0,Tokyo,True,False,59991,True
113.03,0.9699999999997999,False,0.028094900761840846,0,London,2,Tokyo,True,False,63591,True
133.13,4.710000000000036,False,0.033547271843021045,1,Tokyo,1,London,True,False,57788,True
106.16,19.079999999999927,False,0.02676455461320479,3,New York,3,Sydney,True,False,58351,False
