candle_size,percentage,weekday,target
0.064891846921797,0.14885580977470747,1,0
0.015806988352745424,0.03674917131635532,2,0
0.07337770382695508,0.16686335366312416,2,0
0.018968386023294505,0.04343198524520684,2,0
0.023460898502495837,0.05358887295750832,3,1
0.035274542429284524,0.08052290042062571,3,0
0.04043261231281197,0.09223581445228034,3,0
0.05391014975041597,0.12320565313931713,3,0
0.01680532445923461,0.038994041358419,4,0
0.010648918469217967,0.024161594321217957,0,0
0.024459234608985022,0.05526970947608306,1,0
0.04475873544093178,0.10052825773703292,1,1
0.01797004991680532,0.04055096376094338,1,0
0.0637271214642263,0.14261081576830195,2,0
0.03061564059900166,0.06817708287750703,4,0
0.02396006655574043,0.05257599027011482,0,0
0.06555740432612311,0.1435975330466193,0,1
0.05973377703826954,0.13112132463121504,0,0
0.02212978369384359,0.0486368214217312,0,1
0.0475873544093178,0.10456467060540225,1,1
0.059900166389351084,0.1319519311091441,1,0
0.04908485856905157,0.10849155700392893,2,1
0.05058236272878536,0.11117891902723434,2,0
0.05490848585690515,0.12084068748787809,2,1
0.038269550748752074,0.08441052913310507,3,0
0.02545757071547421,0.05533561908419733,4,0
0.016472545757071546,0.03590560702622162,4,0
0.0237936772046589,0.05187233162890213,4,0
0.02562396006655574,0.05569410335022752,0,1
0.019800332778702162,0.04291624412986517,1,0
0.052745424292845254,0.11438089064870492,1,0
0.13760399334442594,0.29991028912683454,1,0
0.07653910149750415,0.16623546783531212,1,0
0.041930116472545756,0.09094002140051512,2,1
0.07271214642262895,0.15798988328032096,2,0
0.019301164725457568,0.04196450218871157,2,0
0.024459234608985022,0.052665784636824226,3,1
0.078369384359401,0.16931037602006924,3,1
0.045757071547420966,0.09884031083306521,3,1
0.0961730449251248,0.20825541551663185,3,0
0.02529118136439268,0.05486264396410333,3,0
0.02229617304492512,0.04865425430006964,4,0
0.04143094841930116,0.09039382259843744,4,1
0.016472545757071546,0.03600763931091983,4,0
0.07936772046589018,0.1729017737093267,4,0
0.031946755407653904,0.06957114356444899,0,1
0.024292845257903494,0.053112848843765104,0,0
0.02861896838602329,0.062454358819344205,2,0
0.03727121464226289,0.08136777698520137,2,0
0.05008319467554076,0.10897507530030384,2,1
0.029450915141430944,0.06415439841648987,2,1
0.04675540765391015,0.10028420123195922,3,0
0.14592346089850247,0.3151405270678509,3,1
0.2788685524126456,0.6051512889549301,3,0
0.44875207986688853,0.986402396584538,4,0
0.05590682196339434,0.12623637355764397,4,0
0.024126455906821963,0.05441137167878281,1,0
0.03494176372712146,0.07895850527843327,1,0
0.024126455906821963,0.05435478971602235,2,0
0.05108153078202995,0.11418288179690912,2,1
0.04658901830282861,0.10482199247911451,2,0
0.07004991680532445,0.15662320813960037,3,0
0.09983361064891846,0.22356049557672958,3,1
0.1425956738768719,0.32068012631867815,3,0
0.035773710482529114,0.08125078893987968,0,0
0.02396006655574043,0.05459088270799692,0,0
0.03361064891846922,0.07619433312293582,0,0
0.053244592346089845,0.12143164525358031,2,0
0.08319467554076539,0.19090361362189012,2,0
0.02911813643926789,0.06732947794442685,2,0
0.06422628951747088,0.14718257456577,3,0
0.020299500831946753,0.047031807443512784,3,0
0.05757071547420965,0.13199692079116424,3,1
0.04592346089850249,0.10606047257580849,4,0
0.026622296173044922,0.06183997897916359,4,1
0.01680532445923461,0.03934626715635103,4,0
0.040599001663893505,0.09305156796498265,0,0
0.020133111480865225,0.04691090895469938,3,0
0.04841930116472546,0.11236211390756635,3,0
0.020465890183028284,0.04791292360492038,4,1
0.01963394342762063,0.04626934991452176,0,1
0.043261231281198,0.10112200570258893,0,0
0.013810316139767052,0.032684406511879746,0,0
0.052745424292845254,0.12291386550033755,1,1
0.037104825291181365,0.0868852345474194,1,0
0.02196339434276206,0.05179076203566421,1,0
0.02529118136439268,0.05876830476457778,1,0
0.03693843594009983,0.08521953756506283,3,0
0.01797004991680532,0.04182903617539304,3,0
0.04658901830282861,0.10729956688485158,3,0
0.03660565723793677,0.08458543437741296,3,0
0.033777038269550745,0.07795905970439268,3,0
0.016472545757071546,0.03780770419528554,0,0
0.04026622296173045,0.09165405401338465,0,1
0.018469217970049915,0.04257068190252316,0,0
0.02579034941763727,0.05924502157920575,0,0
0.016306156405990015,0.03761761565886514,1,0
0.020133111480865225,0.04627091625395586,1,1
0.02762063227953411,0.0645309950849498,2,1
0.022628951747088184,0.05317867169021624,3,0
0.018136439267886852,0.042612797599052024,3,0
0.018968386023294505,0.044600231868977304,3,0
0.02129783693843594,0.0495033599664945,4,1
0.04509151414309484,0.10398119042085957,4,0
0.07853577371048252,0.17801885593118702,4,0
0.028785357737104826,0.06532525023525206,4,0
0.035607321131447586,0.07998886525097045,0,0
0.058069883527454236,0.13043468716650536,0,0
0.09584026622296173,0.2113767768831411,1,0
0.15757071547420964,0.3474623855933493,1,0
0.03777038269550748,0.08383833529744081,2,0
0.1227953410981697,0.2725145052492124,2,0
0.10266222961730448,0.2242790584369449,2,0
0.064891846921797,0.1389703952249913,4,0
0.16356073211314476,0.3460000045329714,0,1
0.08702163061564058,0.1842957499431845,0,0
0.07470881863560733,0.1582576442401579,1,1
0.05773710482529118,0.12417825364985689,1,1
0.012978369384359402,0.028008214199564306,2,0
0.18053244592346088,0.383523232064214,3,0
0.05757071547420965,0.12168524515247457,3,0
0.1682196339434276,0.35281733850844094,3,0
0.025956738768718797,0.0543904808793715,4,0
0.018801996672212974,0.03969498261334925,0,1
0.051414309484193,0.11017702239434056,0,1
0.12795341098169716,0.27466097697599784,0,0
0.01098169717138103,0.023405022051032662,0,0
0.021797004991680528,0.046586971005296345,1,0
0.07753743760399334,0.16648253216999756,1,0
0.028951747088186354,0.06140114419679861,1,0
0.013976705490848583,0.029519207456905658,1,0
0.026123128119800332,0.05568726893346117,2,1
0.08053244592346089,0.17191030400713228,2,0
0.02579034941763727,0.05477909847191775,3,0
0.08336106489184691,0.17650133429858475,4,0
0.11480865224625623,0.24419257361708605,4,0
0.025124792013311147,0.05334945068098612,4,1
0.02562396006655574,0.05469600826979447,0,0
0.03643926788685524,0.07713032741013452,0,0
0.01114808652246256,0.023268642391399336,0,0
0.04159733777038269,0.08649698033992338,3,0
0.04226289517470882,0.08873046413310601,0,0
0.026622296173044922,0.055789991968978145,0,0
0.16472545757071547,0.34613357253691557,0,0
0.04525790349417637,0.09451148110528532,1,1
0.06955074875207985,0.14533096936380607,1,0
0.03061564059900166,0.06325916651112262,3,0
0.08618968386023293,0.17711274950039604,4,0
0.08119800332778701,0.16941218202457947,4,1
0.11946755407653908,0.25011599245926175,4,0
0.04908485856905157,0.10208371609624113,0,0
0.018635607321131446,0.03860135672338915,1,0
0.11048252911813643,0.232985542654031,2,1
0.15008319467554074,0.31741937814655635,2,0
0.05241264559068219,0.11014544573332583,2,0
0.025956738768718797,0.054201469871149835,3,0
0.040599001663893505,0.08465681693374323,3,0
0.02579034941763727,0.05363907155768487,4,0
0.07154742096505823,0.15009134208154348,4,1
0.11181364392678868,0.2351693288098692,4,1
0.03410981697171381,0.07179078368631014,4,0
0.37570715474209654,0.7916208602655778,4,0
0.010648918469217967,0.0220779174935076,1,0
0.047753743760399335,0.10012645154035212,1,1
0.031114808652246258,0.06518669161818474,1,0
0.05923460898502496,0.12497839812780721,1,0
0.030948419301164723,0.06468828294933952,2,0
0.019134775374376037,0.03983806750219232,2,1
0.09267886855241264,0.19476291258155345,2,1
0.027454242928452575,0.057588988619738726,3,0
0.02928452579034941,0.06154182119445736,3,0
0.011314475873544092,0.023567338776632044,4,1
0.029950083194675535,0.06312743543312418,0,0
0.028951747088186354,0.06113700649257452,0,0
0.17337770382695505,0.3647369561256034,0,0
0.044925124792013306,0.09491611231586274,0,0
0.023294509151414306,0.04799192747762285,2,1
0.06572379367720466,0.13519363800352163,2,0
0.02762063227953411,0.055824165286542854,3,0
0.05474209650582362,0.11244824242314919,3,0
0.15524126455906823,0.3168598737134343,3,0
0.07371048252911813,0.15147171587714292,4,1
0.4284525790349417,0.885533753769105,4,0
0.02562396006655574,0.05265025899904037,0,0
0.049417637271214634,0.1016672467009235,2,0
0.09201331114808652,0.1895974469059949,2,1
0.024126455906821963,0.04930352516274385,2,0
0.0367720465890183,0.07662860175198437,4,0
0.05041597337770382,0.10455451575356343,0,0
0.019800332778702162,0.04068383268720096,0,1
0.006988352745424292,0.01403284642632024,1,0
0.04908485856905157,0.1020491484226713,1,1
0.06106489184692179,0.12789106456326801,1,1
0.06622296173044924,0.13929223464910165,1,1
0.03777038269550748,0.0793146599193781,2,0
0.031114808652246258,0.06538721020932266,2,0
0.04009983361064892,0.08486546941469475,3,1
0.03993344425956739,0.08453341980951304,4,0
0.028452579034941763,0.060276679798847405,0,1
0.04742096505823627,0.10134507997678172,1,0
0.07853577371048252,0.16792519821941904,2,0
0.3415973377703827,0.7328942899664806,3,0
0.03211314475873543,0.06935433637492891,3,1
0.137936772046589,0.296953663379314,4,0
0.021630615640598996,0.046734183481226925,0,0
0.015141430948419299,0.032579965208303203,0,1
0.014309484193011646,0.030809463771039415,0,1
0.031114808652246258,0.06731905940902719,1,1
0.027953410981697166,0.05988474774329791,2,0
0.02579034941763727,0.05490878446913523,3,0
0.03277870216306156,0.06928642159737723,4,0
0.11414309484193011,0.24228733760244212,4,1
0.029783693843594007,0.06393165808208584,4,1
0.024625623960066553,0.05290775607843691,4,0
0.008153078202995007,0.017442867712943955,0,0
0.033277870216306155,0.07180630246357274,0,0
0.03427620632279534,0.07413241077703571,0,0
0.006988352745424292,0.014767356652444946,1,0
0.024459234608985022,0.052295912308577705,1,0
0.0475873544093178,0.10190157958100413,1,0
0.027454242928452575,0.0585409373107435,1,0
0.035274542429284524,0.07533420213884885,1,0
0.04675540765391015,0.09996732644374266,2,1
0.078369384359401,0.16839900272313427,2,1
0.04459234608985024,0.09630521195575743,2,0
0.021464226289517472,0.04627490971779912,3,0
0.003660565723793678,0.0075877854871080255,3,0
0.02362728785357737,0.050413919074280604,4,0
0.00898502495840266,0.01907999512606269,0,0
0.018136439267886852,0.03875476301976625,0,0
0.06622296173044924,0.14159995423690439,1,0
0.03277870216306156,0.07060085991908241,2,0
0.07237936772046588,0.15613197475585744,2,0
0.03261231281198003,0.07038460993708219,2,1
0.03394342762063228,0.07335676259208178,2,0
0.0281198003327787,0.060999781341485135,3,1
0.02212978369384359,0.04730469671928959,4,0
0.03494176372712146,0.07488545553991112,4,0
0.01763727121464226,0.037724502052186346,4,0
0.012146422628951745,0.02628279750691937,1,0
0.04792013311148086,0.10453322984294702,3,0
0.05973377703826954,0.1309088873479254,3,0
0.08119800332778701,0.17804433891366656,3,0
0.016638935108153077,0.036643180679556527,3,0
0.07637271214642262,0.16651104679223286,4,1
0.031946755407653904,0.06989261847866378,4,1
0.04159733777038269,0.09110237528035549,4,0
0.005158069883527455,0.011322018180375126,4,0
0.02911813643926789,0.06359757333248665,0,0
0.030948419301164723,0.06742528890650477,0,1
0.13643926788685523,0.2982895818253993,1,0
0.030282861896838598,0.06682081708571018,2,0
0.02229617304492512,0.04912932905654107,2,1
0.01680532445923461,0.037095302313489564,2,1
0.05823627287853578,0.12836778870257368,3,0
0.01697171381031614,0.03757423116740156,3,0
0.021464226289517472,0.04750277323141088,3,0
0.024958402662229616,0.055079764478958806,4,0
0.038602329450915136,0.08537514629768661,4,0
0.01697171381031614,0.03721746482195227,4,0
0.0194675540765391,0.042907811364207495,0,0
0.014642262895174705,0.03224935437943104,0,0
0.0011647254575707158,0.0025764720761505544,1,0
0.11497504159733776,0.25023539115372423,2,0
0.008153078202995007,0.017813282595869284,4,0
0.00798668885191348,0.017430072114816758,0,1
0.06256239600665557,0.1372149864188988,0,0
0.07870216306156405,0.17091254593870456,1,0
0.06023294509151414,0.13081468500146073,1,0
0.031281198003327786,0.06793936123686004,1,1
0.015640599001663893,0.03400967681398065,1,0
0.0043261231281198,0.00937525052168567,1,0
0.02129783693843594,0.04611979336800405,2,0
0.044425956738768715,0.09636876227434277,2,0
0.06339434276206322,0.13575312242540122,3,0
0.020465890183028284,0.04368647594132033,3,0
0.024792013311148085,0.053000621869803824,3,0
0.060898502495840265,0.13037965530429688,3,0
0.07753743760399334,0.16622752987591663,3,0
0.015973377703826955,0.03415450118022541,4,0
0.02212978369384359,0.04732498039630907,4,1
0.05723793677204658,0.12117644380243285,1,0
0.020965058236272878,0.0442965341247507,2,0
0.05574043261231281,0.11814903912910917,2,0
0.039101497504159734,0.08295162267735968,2,0
0.10515806988352745,0.22315410020118523,3,1
0.03544093178036605,0.07535347033337848,3,0
0.04858569051580698,0.10348654503539773,4,1
0.04076539101497503,0.08693349115974357,4,1
0.03743760399334443,0.0797959026370394,0,0
0.06405990016638934,0.1373306163594482,0,0
0.004492512479201331,0.009412442512596661,1,0
0.00798668885191348,0.01691176758560431,1,0
0.022795341098169716,0.04868804508454035,1,0
0.0735440931780366,0.15767395466410744,1,0
0.00898502495840266,0.01887615654882735,3,0
0.0061564059900166375,0.012762815490415082,3,1
0.03876871880199667,0.0835384870583442,3,1
0.025124792013311147,0.05366861155040155,4,1
0.022462562396006653,0.047972002990586494,4,1
0.014642262895174705,0.031237366060514145,4,0
0.022628951747088184,0.048489639771128724,0,0
0.018136439267886852,0.03849131607569795,0,1
0.01780366056572379,0.03783771902401665,0,0
0.022462562396006653,0.04782770610324874,1,0
0.012978369384359402,0.027543671269284226,1,1
0.023294509151414306,0.04988670661329659,1,0
0.06039933444259567,0.13037977077634738,1,0
0.03011647254575707,0.06504448661015996,1,0
0.021630615640598996,0.046563274866244134,2,0
0.02196339434276206,0.047249836162059466,2,0
0.08269550748752079,0.17869962031583086,2,1
0.0367720465890183,0.07979346700458634,3,0
0.04143094841930116,0.08992593088241792,3,0
0.013144758735440933,0.028525894348486416,3,0
0.020632279534109815,0.04474884562617511,4,1
0.05440931780366056,0.11772392115171819,4,0
0.024126455906821963,0.05205549445213746,0,0
0.011480865224625623,0.024832896419163926,0,0
0.09717138103161396,0.21063036462498375,0,0
0.03261231281198003,0.07082472981982706,1,0
0.018302828618968384,0.03978579995105808,1,0
0.06788685524126456,0.14802576757259978,1,0
0.0713810316139767,0.15542788190361922,1,0
0.02229617304492512,0.04869014841362646,2,0
0.018469217970049915,0.040524732010868696,3,1
0.07970049916805325,0.17465162226795428,4,0
0.01098169717138103,0.02420291658239975,0,0
0.01264559068219634,0.027888711025359343,0,0
0.022462562396006653,0.049510128745821745,0,1
0.0061564059900166375,0.013699355653487155,1,0
0.011647254575707155,0.025867129642056896,2,0
0.0024958402662229604,0.005745271387122679,3,0
0.011647254575707155,0.02602045144508655,3,0
0.0562396006655574,0.12471519295565812,3,1
0.03760399334442595,0.08399799379629759,3,0
0.029450915141430944,0.06566717877334077,4,1
0.019134775374376037,0.04284190959127652,4,0
0.027787021630615638,0.062070792544339254,0,0
0.02911813643926789,0.06507495862515997,0,0
0.02628951747088186,0.05852411002300015,1,0
0.01680532445923461,0.037268048787952465,2,0
0.07603993344425956,0.16770144729150668,2,0
0.022795341098169716,0.04994007862534991,3,0
0.09783693843594009,0.21540399127102858,4,0
0.030282861896838598,0.06625079110252569,1,1
0.008652246256239601,0.018717488255395882,1,0
0.013976705490848583,0.030296764153936118,1,0
0.030782029950083195,0.06650059900499647,3,1
0.0043261231281198,0.009265354278400107,4,1
0.021464226289517472,0.04643916132587422,4,0
0.01763727121464226,0.038067567057466695,4,0
0.006322795341098169,0.013569201301003255,0,0
0.018302828618968384,0.03963356266399513,1,1
0.02396006655574043,0.05192635015131358,1,1
0.026955074875207985,0.05853949584675712,1,1
0.03361064891846922,0.07307947913791583,1,0
0.0,0.0,1,0
0.017470881863560727,0.0381897733450613,2,0
0.012978369384359402,0.02845029998490261,3,1
0.00881863560732113,0.0193594361919048,3,0
0.010815307820299498,0.02374972732471478,3,0
0.005823627287853578,0.012794208787875015,3,0
0.01530782029950083,0.033407160737490234,4,1
0.01797004991680532,0.039273790308288786,4,0
0.05357737104825291,0.11692310447885483,4,1
0.03926788685524126,0.08552208217339766,0,1
0.012978369384359402,0.028335253512901663,0,0
0.013311148086522458,0.029112255530064836,0,1
0.0021630615640599003,0.004751434574676501,0,0
0.029450915141430944,0.06475959631515739,1,1
0.04159733777038269,0.09157025084177109,2,0
0.012312811980033277,0.02721164724868689,2,0
0.006988352745424292,0.015499242631865104,2,0
0.0041597337770382685,0.009267760354919273,3,0
0.011314475873544092,0.025065409571927502,3,0
0.010648918469217967,0.023569017047124094,3,0
0.08202995008319466,0.1810056630326311,3,0
0.04509151414309484,0.09933086530510382,3,0
0.007321131447587355,0.01621628043390759,4,0
0.012978369384359402,0.028549283837264884,4,0
0.03161397670549085,0.06897444616259722,4,0
0.003993344425956737,0.00873993215342203,0,0
0.004825291181364392,0.010508959659749096,0,0
0.015141430948419299,0.03302923603027759,0,1
0.021797004991680528,0.04739099273598674,1,0
0.05906821963394342,0.12804664261821322,2,1
0.04043261231281197,0.08812396285756369,3,1
0.02362728785357737,0.05156877376520945,3,1
0.03061564059900166,0.06711932664526328,3,0
0.018635607321131446,0.04083026395729703,3,0
0.02678868552412645,0.058560994786029844,4,0
0.015973377703826955,0.034867522548584697,4,0
0.0194675540765391,0.04256062855043962,0,0
0.018635607321131446,0.04093301638281627,0,0
0.019134775374376037,0.04218627573973892,1,0
0.03294509151414309,0.07240670685192656,1,0
0.02828618968386023,0.06279201277660267,2,1
0.01530782029950083,0.03411005032520005,2,0
0.03344425956738768,0.07451983821336618,2,1
0.018302828618968384,0.04130110013765446,2,1
0.038269550748752074,0.08609232156928125,3,0
0.014143094841930114,0.03203871285099446,3,0
0.08752079866888518,0.1969721527446735,3,1
0.08752079866888518,0.19774845230164892,3,0
0.02362728785357737,0.05365293034875453,4,0
0.015973377703826955,0.03622181860804776,4,0
0.010482529118136436,0.02387615582766304,4,0
0.07387687188019966,0.16739864915342773,4,1
0.04625623960066555,0.10565516586872845,4,0
0.026455906821963387,0.06064551238524703,4,1
0.026123128119800332,0.06005397597271493,0,0
0.027287853577371048,0.0627476369658013,0,1
0.04026622296173045,0.09248728585641028,0,1
0.07004991680532445,0.16086733769788916,0,0
0.012479201331114808,0.029336390993288754,0,0
0.05091514143094842,0.11835233620694528,1,0
0.027121464226289513,0.06315976078658293,1,0
0.01281198003327787,0.030244247737362784,2,1
0.022795341098169716,0.05326408509292303,2,0
0.008153078202995007,0.019418529423116414,3,0
0.014642262895174705,0.03447032396730762,4,1
0.03277870216306156,0.07641402171713597,4,0
0.00798668885191348,0.01846025690795191,1,0
0.05124792013311148,0.11619057032963416,1,0
0.02545757071547421,0.05793631750848348,2,0
0.028452579034941763,0.06392402609424508,3,0
0.028452579034941763,0.06423855419710905,3,0
0.01963394342762063,0.044490445823339046,4,0
0.052745424292845254,0.11603400561723444,4,0
0.01264559068219634,0.027740404186962192,1,0
0.02562396006655574,0.056152952679109,1,0
0.02628951747088186,0.05784115322805676,1,0
0.02396006655574043,0.052369013961456864,1,0
0.06356073211314477,0.1366465781877307,2,0
0.007321131447587355,0.015636059302951998,3,0
0.014309484193011646,0.030696481847421755,3,0
0.04875207986688851,0.10472891745521416,3,0
0.03410981697171381,0.07227096820065997,4,0
0.027287853577371048,0.0574799919006254,4,1
0.10565723793677204,0.22381820402323319,4,0
0.011813643926788686,0.02484449142170249,0,1
0.05058236272878536,0.10699055349322441,0,1
0.13777038269550748,0.2925654106833281,0,0
0.038269550748752074,0.08126616855622407,2,0
0.06788685524126456,0.14447450497567277,2,0
0.019966722129783693,0.042338641939112284,2,0
0.0194675540765391,0.041014316063697986,2,0
0.026955074875207985,0.056516476280480066,3,1
0.0497504159733777,0.10481510930861969,3,1
0.05158069883527454,0.10900825297775683,4,0
0.05374376039933444,0.11356078881855157,4,0
0.033277870216306155,0.06960950613263607,0,0
0.03161397670549085,0.06681705965962902,2,1
0.04226289517470882,0.08913918377775605,3,0
0.007820299500831948,0.01620213631130485,4,0
0.019966722129783693,0.04183287540793573,4,0
0.02362728785357737,0.049525316370564974,0,1
0.04359400998336106,0.09207820001384426,0,0
0.010316139767054908,0.021582327939625126,0,1
0.020632279534109815,0.043532592585583424,0,1
0.014642262895174705,0.030899744084211894,1,0
0.04608985024958402,0.09852587143692587,1,0
0.013144758735440933,0.02785484376464245,2,0
0.014975041597337767,0.03178165627360033,2,1
0.03843594009983361,0.08201846854126194,2,1
0.03361064891846922,0.07173100346244561,2,0
0.009484193011647254,0.020320019027943267,3,0
0.046422628951747084,0.10001596360262867,3,0
0.0713810316139767,0.15272695812349688,3,0
0.07753743760399334,0.16740292793166983,4,1
0.01780366056572379,0.03795023310438532,3,0
0.03161397670549085,0.06741366947580084,3,0
0.07437603993344426,0.15701048200958873,3,0
0.02529118136439268,0.05325434586852197,4,0
0.03976705490848586,0.08358979347088519,4,0
0.027454242928452575,0.05823461674213355,0,1
0.019134775374376037,0.040097405549450765,1,0
0.014309484193011646,0.029648946455441222,1,1
0.014475873544093177,0.03001778729210873,2,1
0.013144758735440933,0.027266122939302147,3,0
0.04658901830282861,0.09688894959780932,0,0
0.042429284525790346,0.0881111656985018,0,0
0.018469217970049915,0.037387605628622936,1,0
0.028785357737104826,0.058502156074013836,3,0
0.023128119800332775,0.04690725597050169,3,0
0.039101497504159734,0.07972873492397903,3,0
0.054076539101497505,0.11074886841210296,4,1
0.04875207986688851,0.09722341322920852,0,1
0.026955074875207985,0.05509041125070875,1,0
0.0930116472545757,0.19167353100178258,1,1
0.0632279534109817,0.1305844225436981,1,0
0.008652246256239601,0.017459665678808897,2,0
0.026455906821963387,0.05444892886066012,2,0
0.07637271214642262,0.15747438380748205,2,1
0.0281198003327787,0.05767421759197135,3,0
0.02562396006655574,0.052324970250637745,3,1
0.09883527454242927,0.20456942478968615,3,0
0.11131447587354408,0.23335563679257912,4,0
0.016139767054908483,0.0338106161647782,1,0
0.04425956738768719,0.09326174929034693,1,0
0.08252911813643926,0.17419367108948478,1,0
0.016306156405990015,0.034316584276818676,2,0
0.05906821963394342,0.121106918430099,3,1
0.09500831946755407,0.19587446077341827,0,0
0.027121464226289513,0.05517625760292806,2,0
0.038103161397670546,0.07779950626747749,2,0
0.02579034941763727,0.05222866736428114,4,0
0.1119800332778702,0.22675078729900933,4,1
0.042096505823627284,0.08530542020143715,4,1
0.043261231281198,0.08748378592942273,1,0
0.06921797004991681,0.13997238506552384,2,0
0.09051580698835274,0.18198601743691506,2,0
0.07753743760399334,0.155745748130833,3,0
0.05357737104825291,0.10829379337978681,4,0
0.10732113144758736,0.21669547295131353,1,0
0.046921797004991675,0.09480232770024041,1,1
0.03544093178036605,0.07141055581910438,2,1
0.027287853577371048,0.05549549923553618,0,1
0.03227953410981697,0.06626292087651534,2,0
0.05773710482529118,0.11762565431342208,4,1
0.03427620632279534,0.06931098317437771,0,0
0.020798668885191347,0.042491537849977085,1,1
0.014808652246256236,0.030106454905455257,1,0
0.056405990016638936,0.11772193934409371,2,0
0.03777038269550748,0.07742229384408587,4,0
0.0389351081530782,0.08007301744279907,0,0
0.031281198003327786,0.064210606748357,0,1
0.06073211314475874,0.12524697062110285,0,1
0.027121464226289513,0.055659882241550634,2,0
0.024625623960066553,0.05079257261658071,3,0
0.14908485856905157,0.30783406345861847,0,0
0.03178036605657238,0.065339916510795,1,0
0.020133111480865225,0.04096448964761714,2,1
0.028452579034941763,0.05826360162378605,3,0
0.051747088186356066,0.10642570342669089,3,1
0.011980033277870214,0.024144735858232118,4,0
0.021797004991680528,0.04466191774938515,4,0
0.026622296173044922,0.054702651732951094,0,1
0.04276206322795341,0.08971753911451003,1,0
0.020632279534109815,0.042797537211159246,4,0
0.014475873544093177,0.029729995363128425,4,0
0.02113144758735441,0.0434972666082801,1,0
0.056073211314475874,0.11560568682126997,1,0
0.06289517470881864,0.12984500083091316,2,0
0.021797004991680528,0.04443548517466233,1,0
0.05540765391014975,0.10807091737625225,1,0
0.042429284525790346,0.08253257923690648,1,0
0.0497504159733777,0.09702417391515068,2,1
0.021797004991680528,0.040963176037231944,4,0
0.1790349417637271,0.34381547751877367,4,0
0.019301164725457568,0.0358358047633806,0,0
0.026455906821963387,0.049679360931959814,0,0
0.024292845257903494,0.04540007579153924,1,0
0.018635607321131446,0.03462363048024089,1,0
0.07287853577371048,0.14021921935574513,1,1
0.014309484193011646,0.026557926275971006,2,0
0.01713810316139767,0.03209446426932614,2,0
0.020465890183028284,0.03821776706410364,2,0
0.01780366056572379,0.0330637419835135,3,1
0.010648918469217967,0.01938703931826631,3,1
0.038103161397670546,0.07246545226023185,4,1
0.056405990016638936,0.10874333269563179,0,1
0.04143094841930116,0.07969776070976829,0,1
0.05158069883527454,0.09908946471420767,0,1
0.020465890183028284,0.0385099311083883,1,0
0.020133111480865225,0.03788090522187139,1,1
0.06572379367720466,0.12695679604013463,1,0
0.054076539101497505,0.10409987875171514,2,0
0.017470881863560727,0.03280360992647808,2,1
0.06988352745424292,0.13518432990112428,2,0
0.05440931780366056,0.10494402959475761,2,0
0.09151414309484193,0.1744974642136429,2,0
0.21480865224625623,0.40760247547394424,3,0
0.03427620632279534,0.06381202993722211,3,0
0.009484193011647254,0.016875735593402122,4,0
0.15324459234608984,0.2939902519490176,4,0
0.026955074875207985,0.05107542204094587,4,0
0.021797004991680528,0.04078930942848067,0,1
0.005490848585690516,0.009279522995337833,1,0
0.06422628951747088,0.12231615374645467,1,1
0.01530782029950083,0.028193486725103988,1,0
0.01763727121464226,0.03264461371216617,2,0
0.051414309484193,0.09716103143478308,2,0
0.033277870216306155,0.062454824675592074,3,0
0.023128119800332775,0.042203982565959364,3,0
0.03410981697171381,0.06170118172491111,0,0
0.056738768718802,0.10283660388385105,2,0
0.04276206322795341,0.07646613598678428,2,0
0.02362728785357737,0.04148540627194442,4,1
0.06023294509151414,0.10867660939849436,4,0
0.15806988352745424,0.2803240624452874,1,0
0.28668885191347754,0.5133583861488288,2,0
0.0389351081530782,0.0662020275792447,4,0
0.29567387687188024,0.5132351601722964,4,1
0.11564059900166389,0.20073236380876242,4,1
0.26622296173044924,0.466377018693796,4,1
0.040599001663893505,0.06924083122418642,0,0
0.039101497504159734,0.06659453136909829,1,0
0.0708818635607321,0.12329072578817503,1,0
0.024459234608985022,0.040851473464942605,2,1
0.03178036605657238,0.05385117859413936,2,0
0.2549084858569052,0.44820212052261,2,0
0.02196339434276206,0.03663742303268824,3,0
0.06405990016638934,0.11094559002634849,4,0
0.10465890183028285,0.1816739660371644,4,1
0.09450915141430948,0.16587064518322267,0,1
0.04792013311148086,0.08321075153060167,0,1
0.05906821963394342,0.10452475076136385,1,0
0.024958402662229616,0.042890882800083525,1,0
0.408153078202995,0.7347888413440852,1,0
0.023128119800332775,0.039913434837450454,2,1
0.06472545757071546,0.1152367871091489,2,0
0.19168053244592345,0.34379910924356216,3,0
0.052579034941763726,0.09186151776281433,4,1
0.036272878535773705,0.06279447813632472,4,0
0.01713810316139767,0.028698104128078473,4,1
0.05158069883527454,0.09087420715873278,0,0
0.06855241264559069,0.12095080805661708,0,1
0.05008319467554076,0.08799511046507884,0,0
0.07587354409317802,0.13388603360127083,0,1
0.018136439267886852,0.030578677164523366,1,0
0.07371048252911813,0.130725633881849,1,0
0.06638935108153078,0.11826406844048044,1,1
0.03211314475873543,0.05636751244236317,1,1
0.056073211314475874,0.1009126072448953,1,0
0.1038269550748752,0.187400200436163,2,0
0.050249584026622295,0.08971746304492131,3,1
0.04475873544093178,0.07958931512432224,3,1
0.055241264559068214,0.09899249114407291,4,0
0.04259567387687188,0.075910177691483,4,0
0.02678868552412645,0.04697501719069829,0,0
0.018801996672212974,0.03197073047166617,1,1
0.033777038269550745,0.05920618122034735,2,1
0.08269550748752079,0.1485407852006865,2,0
0.03643926788685524,0.06446865842057092,2,0
0.03161397670549085,0.05549448011604481,2,1
0.0281198003327787,0.04864565338102889,3,0
0.029617304492512472,0.05038638408647655,4,1
0.08186356073211314,0.1444615934113468,0,0
0.05124792013311148,0.0900723466465882,1,0
0.03643926788685524,0.06193987413473778,3,0
0.03643926788685524,0.062062489678049726,3,1
0.05058236272878536,0.08707041669349343,4,1
0.044925124792013306,0.07687949898360831,4,0
0.05574043261231281,0.09442925907746706,0,0
0.08236272878535773,0.14096739055166926,2,0
0.28569051580698834,0.4960601721777951,2,0
0.12429284525790349,0.2219722555331602,4,0
0.08219633943427619,0.14551027394951296,4,0
0.02196339434276206,0.03743628352114046,4,0
0.02762063227953411,0.047660894751781854,4,0
0.04592346089850249,0.08019312666137567,0,0
0.046921797004991675,0.0816996136610604,0,0
0.05906821963394342,0.10354717151936392,1,1
0.06472545757071546,0.11308650436211921,1,1
0.044925124792013306,0.07798581217745716,1,0
0.010316139767054908,0.016185743560997903,2,0
0.04675540765391015,0.08125951223096807,2,1
0.03178036605657238,0.05495560626844323,2,1
0.0708818635607321,0.125399570978032,3,1
0.05457570715474209,0.09619000493950136,3,0
0.18685524126455907,0.33244127704473575,4,0
0.05291181364392678,0.09356927156161969,0,1
0.12795341098169716,0.2295983600340979,0,0
0.03926788685524126,0.0689130808433748,0,0
0.03727121464226289,0.06461028529632397,0,0
0.0752079866888519,0.133088499778441,1,1
0.041930116472545756,0.07367935399414144,1,0
0.16788685524126454,0.3000459337205273,1,1
0.13427620632279533,0.23880988817544554,2,0
0.019966722129783693,0.033486714889424375,2,0
0.0670549084858569,0.11626495158892998,4,1
0.3792013311148087,0.6696738317829064,4,0
0.10099833610648919,0.1815025220353969,4,0
0.07321131447587355,0.13224703183286612,0,0
0.013976705490848583,0.02344453001824695,1,0
0.041930116472545756,0.07454309278395156,1,0
0.010482529118136436,0.01703874150012949,1,0
0.11064891846921797,0.19829959745854797,2,0
0.04176372712146422,0.07371667319869654,3,0
0.08286189683860232,0.14879010398048254,3,0
0.054076539101497505,0.09586824281370118,0,1
0.13311148086522462,0.23934884297806872,0,0
0.028785357737104826,0.05002971378136769,1,1
0.027953410981697166,0.048351670795754045,1,0
0.005324459234608984,0.007537980972862847,2,0
0.018801996672212974,0.03186205224743542,2,0
0.014309484193011646,0.023747163747425096,3,0
0.07470881863560733,0.1322613686479767,3,0
0.04342762063227953,0.0750472663304406,4,1
0.04342762063227953,0.07490905492228285,4,1
0.04009983361064892,0.06903632213787465,4,0
0.018302828618968384,0.03094524575136398,1,1
0.01281198003327787,0.02107714740128995,1,0
0.04925124792013311,0.08695237178812472,1,0
0.073044925124792,0.1301951035010774,1,0
0.04376039933444259,0.07744428418783662,2,0
0.049417637271214634,0.08809301946613331,2,0
0.12129783693843593,0.2194574658357398,2,0
0.051414309484193,0.09120441452430664,3,0
0.027953410981697166,0.048434095490239665,4,0
0.09767054908485856,0.1736562476647433,4,1
0.03727121464226289,0.06537600757860179,0,0
0.0454242928452579,0.08002213060522682,0,1
0.025956738768718797,0.04487703792893148,0,0
0.04509151414309484,0.07945608079436262,0,0
0.04658901830282861,0.0820184165841786,0,0
0.02628951747088186,0.04540013360625376,0,0
0.06722129783693843,0.11923856765998535,1,0
0.01797004991680532,0.03034452119322381,1,0
0.019134775374376037,0.03243173732638476,2,1
0.0367720465890183,0.06333210257489846,2,1
0.013976705490848583,0.022726782963654317,3,1
0.027454242928452575,0.046838534324790244,3,0
0.02545757071547421,0.042418522219008443,4,1
0.04592346089850249,0.07854223584692474,0,1
0.08935108153078203,0.15637095135271092,0,1
0.043261231281198,0.07477800218394562,1,0
0.024292845257903494,0.04089821402953124,2,0
0.02396006655574043,0.04017026894087946,2,1
0.035274542429284524,0.05887820332816959,3,1
0.05723793677204658,0.09725090644912025,3,0
0.07870216306156405,0.13458309683007688,4,0
0.015973377703826955,0.025441252430596778,0,0
0.03261231281198003,0.05456176769265479,0,0
0.04459234608985024,0.07534674916616413,0,0
0.04276206322795341,0.070316359793137,1,0
0.06006655574043261,0.09953545999355201,2,0
0.055241264559068214,0.09124380149439544,2,1
0.0951747088186356,0.15936550436563326,2,0
0.038602329450915136,0.06308853785549694,2,0
0.11131447587354408,0.1865134666876933,2,0
0.11996672212978368,0.20251328481306893,2,0
0.08286189683860232,0.13902188212249825,3,0
0.15440931780366055,0.2623610040481925,3,0
0.047753743760399335,0.07963636973326707,4,1
0.07587354409317802,0.130150393150944,4,1
0.12562396006655574,0.21741329971087253,4,0
0.05374376039933444,0.09140410600529048,0,0
0.1282861896838602,0.22301850701657516,0,0
0.0281198003327787,0.04694836579022376,0,1
0.011314475873544092,0.017509867269996524,1,0
0.03494176372712146,0.05899350741143966,1,0
0.0995008319467554,0.17111330668258484,2,0
0.04176372712146422,0.07021895411645354,2,0
0.06106489184692179,0.10373984389649306,2,0
0.10798668885191348,0.18648217804026104,2,0
0.04792013311148086,0.08260426774821022,3,0
0.04908485856905157,0.08459882462222719,3,1
0.01780366056572379,0.029443052941728012,4,0
0.029450915141430944,0.04990250718872191,4,0
0.16505823627287852,0.28810386662787074,0,1
0.06522462562396006,0.11287739899697072,0,0
0.013144758735440933,0.02091014739448588,0,0
0.03876871880199667,0.06592122273713767,1,0
0.09700499168053245,0.16399663556338273,3,1
0.518801996672213,0.8825350503860867,4,0
0.13710482529118137,0.23423593612581295,4,0
0.1222961730449251,0.21144952408225262,1,0
0.04226289517470882,0.07122748229260398,1,0
0.13594009983361063,0.23479381400489846,1,1
0.07537437603993344,0.12984916251439457,2,0
0.06056572379367721,0.10264201291873747,4,0
0.03410981697171381,0.056858702048542056,4,0
0.03843594009983361,0.06403189796595912,0,0
0.07237936772046588,0.12083601325448683,1,0
0.03777038269550748,0.06185514316519994,1,1
0.01697171381031614,0.026295637419146485,1,0
0.264891846921797,0.4492857371835485,2,0
0.01364392678868552,0.020827177586564154,3,0
0.13227953410981697,0.22442187328711602,3,0
0.0637271214642263,0.10416572277884638,0,1
0.02129783693843594,0.03305774354026995,0,1
0.05840266222961729,0.09551603922921921,0,1
0.06888519134775374,0.11337046439061176,0,1
0.012978369384359402,0.01903080619223648,1,0
0.0281198003327787,0.044500626095965376,1,0
0.028452579034941763,0.04477033160093514,2,0
0.08236272878535773,0.13500599977533195,2,0
0.06073211314475874,0.0986061559186761,2,1
0.02911813643926789,0.0461863432442915,3,0
0.04009983361064892,0.0644779745146692,3,1
0.2093178036605657,0.3512079612809396,3,0
0.029617304492512472,0.0467468357739525,0,0
0.13394342762063227,0.22041493030276602,0,0
0.03494176372712146,0.055538223123455036,0,0
0.04425956738768719,0.07117342397819351,2,0
0.027787021630615638,0.04367258353069589,3,0
0.035607321131447586,0.056514666373429626,3,0
0.04991680532445923,0.08050445852540598,3,0
0.12412645590682195,0.20462281990436254,4,1
0.0281198003327787,0.04449362909966882,0,1
0.021464226289517472,0.03331238866404146,0,1
0.02545757071547421,0.04016756608045735,1,0
0.029617304492512472,0.04701109286780824,1,1
0.039101497504159734,0.06328247118663112,1,0
0.06722129783693843,0.10972991561986903,3,1
0.021797004991680528,0.03395452180687239,0,1
0.1021630615640599,0.16936510627606127,0,0
0.09800332778702162,0.16215169101775867,0,0
0.064891846921797,0.1051431897089862,2,0
0.03643926788685524,0.05802299856791107,3,0
0.026455906821963387,0.04137145162533647,3,0
0.03976705490848586,0.06245449231235338,3,0
0.018801996672212974,0.02794409425302053,4,0
0.06389351081530781,0.10157431179261346,4,0
0.03011647254575707,0.04632956970618243,4,0
0.05357737104825291,0.08423138222239447,4,0
0.06306156405990017,0.09953861963980094,0,0
0.026955074875207985,0.04086423040562408,1,0
0.039600665557404324,0.06134904858287257,1,1
0.026123128119800332,0.039523067466925146,1,1
0.027121464226289513,0.04118534186749068,1,1
0.05823627287853578,0.09190867408513206,1,1
0.13394342762063227,0.21575215917537388,1,0
0.03594009983361065,0.055694186292936196,2,0
0.21863560732113144,0.35543852327540604,2,0
0.1632279534109817,0.2621291842955825,3,0
0.03444259567387687,0.052847231870318784,3,1
0.014975041597337767,0.02125492163160316,3,0
0.029617304492512472,0.0450503938057137,3,0
0.020299500831946753,0.029848217210398743,4,0
0.13094841930116471,0.20596272261959103,1,0
0.0519134775374376,0.07926085740217353,1,0
0.09750415973377703,0.15026801734466289,2,1
0.042429284525790346,0.06381590189238441,3,0
0.04991680532445923,0.07530491523688924,4,1
0.08885191347753743,0.13740972261020207,0,0
0.07271214642262895,0.11197830728975969,0,1
0.06256239600665557,0.09608180063438797,0,1
0.14958402662229617,0.23499700406663945,0,0
0.05906821963394342,0.09042482027002913,1,0
0.09484193011647254,0.14636387124823952,1,0
0.052745424292845254,0.07998448886206018,1,0
0.11214642262895175,0.17433870798017959,2,0
0.14226289517470883,0.22199958823519006,2,0
0.10865224625623959,0.1693051655922058,2,0
0.013144758735440933,0.017466284707584802,3,0
0.08053244592346089,0.12435648327823108,3,1
0.1454242928452579,0.2268120046752623,4,0
0.041098169717138096,0.06200842667333195,4,0
0.039101497504159734,0.05884333191812818,0,1
0.06672212978369384,0.10283526916153254,1,1
0.013810316139767052,0.018962350105637675,2,0
0.04475873544093178,0.06883679731197562,2,0
0.04425956738768719,0.06784699790961211,2,0
0.09783693843594009,0.1541530526717,2,0
0.07271214642262895,0.11377943189771282,2,1
0.041930116472545756,0.06429491163519593,3,0
0.06738768718801996,0.10520227317171178,3,0
0.053244592346089845,0.08148889022251014,4,0
0.04076539101497503,0.061128079504099625,4,0
0.042928452579034944,0.06449024064494248,0,1
0.05457570715474209,0.0830172054734805,0,1
0.04708818635607321,0.071416514048909,1,1
0.03660565723793677,0.05503551742055558,1,0
0.04026622296173045,0.06031834444488243,1,0
0.06106489184692179,0.09302012098125628,1,0
0.027121464226289513,0.03953387486468865,2,0
0.013810316139767052,0.01835827789286073,2,0
0.04459234608985024,0.0663212946226673,3,0
0.032445923460898494,0.046862415160071835,4,0
0.0519134775374376,0.07705891854281488,4,1
0.056073211314475874,0.08360224892897129,4,0
0.08485856905158069,0.12801240853497972,4,0
0.01530782029950083,0.02004391133828072,0,0
0.06772046589018303,0.10061261135782738,0,0
0.056738768718802,0.08361017139369582,0,0
0.04675540765391015,0.06833809701279529,1,0
0.062229617304492515,0.09208760935038168,1,0
0.0367720465890183,0.05332185104607634,2,1
0.015141430948419299,0.01971562137320953,3,1
0.04858569051580698,0.0712368367420386,4,1
0.05923460898502496,0.08779770256000395,4,0
0.052579034941763726,0.07741219640094806,4,1
0.07554076539101497,0.11292235483511655,4,0
0.10016638935108152,0.1500519141326598,0,1
0.06106489184692179,0.09044647817828075,0,0
0.02196339434276206,0.030103218411551023,0,0
0.028785357737104826,0.04059008437456298,1,0
0.05124792013311148,0.07458043936454664,1,1
0.1033277870216306,0.1534151534048003,1,0
0.03876871880199667,0.054932096803711444,2,1
0.13111480865224626,0.19415230502638148,2,1
0.06339434276206322,0.09312150468648683,4,1
0.05108153078202995,0.07452143498920007,4,0
0.21181364392678867,0.32006991385824207,4,0
0.06855241264559069,0.10168522926350684,4,0
0.02113144758735441,0.0288579354602527,0,0
0.005990016638935106,0.005648867615203562,1,0
0.1454242928452579,0.22014824377191505,1,0
0.0713810316139767,0.10598839901002251,1,0
0.06572379367720466,0.09748309074207961,1,0
0.06589018302828618,0.09751077413049325,1,0
0.16605657237936772,0.2531759936410784,2,1
0.21913477537437603,0.3386438169238275,2,1
0.17221297836938435,0.2679467309597165,2,0
0.03494176372712146,0.051829297213269176,2,1
0.060898502495840265,0.09293784882452143,3,0
0.04093178036605657,0.06035041323981093,3,0
0.0778702163061564,0.11786008581244335,4,0
0.04259567387687188,0.0633110785411639,4,0
0.040599001663893505,0.06193577511145197,0,0
0.06589018302828618,0.1024602976799492,1,0
0.04026622296173045,0.06138296306400934,1,1
0.14143094841930115,0.2243732185805758,1,0
0.07054908485856905,0.11033614942064114,1,1
0.1232945091514143,0.1962811271281822,1,0
0.03777038269550748,0.057985646481195044,1,0
0.09883527454242927,0.1566719073409336,2,1
0.03594009983361065,0.0556849865150911,2,0
0.05008319467554076,0.07913988310926762,3,1
0.031281198003327786,0.048212252068875035,4,1
0.08885191347753743,0.14269994281118972,4,0
0.10183028286189684,0.1634709878333591,4,1
0.04176372712146422,0.06468676340250205,0,1
0.029450915141430944,0.044315470150572266,0,0
0.04159733777038269,0.06383814645674203,0,0
0.07204658901830283,0.11260279333331263,1,0
0.018635607321131446,0.026438019613340344,2,1
0.09883527454242927,0.15442499570088963,2,1
0.056073211314475874,0.08664886805653083,2,0
0.046921797004991675,0.0711397040949962,2,0
0.12246256239600664,0.18945925807602604,3,0
0.07737104825291181,0.11775517818541782,4,0
0.10116472545757071,0.15377209229644306,4,1
0.059400998336106486,0.0900880787829635,0,0
0.31164725457570713,0.48602245370350744,0,1
0.08069883527454241,0.12587321084048475,0,1
0.021797004991680528,0.03168958814548816,0,0
0.07420965058236273,0.11565685892789283,1,1
0.10931780366056572,0.17214290562613263,1,0
0.06006655574043261,0.09341668247871905,1,0
0.15490848585690517,0.2434019414764004,1,1
0.07071547420965058,0.11012744904519127,1,0
0.024625623960066553,0.036154689391148985,2,0
0.05108153078202995,0.07796484607004746,2,0
0.19883527454242927,0.3121663659914351,2,0
0.03061564059900166,0.04557142992877022,3,0
0.02113144758735441,0.030313732105550432,3,0
0.05241264559068219,0.08003107390777696,3,1
0.02628951747088186,0.038646219109768766,3,1
0.06356073211314477,0.09711241937695102,4,1
0.07653910149750415,0.11773554965222725,4,1
0.04908485856905157,0.07534051137362992,0,0
0.05440931780366056,0.08350416161839327,1,0
0.02129783693843594,0.030604384025630087,1,0
0.08269550748752079,0.1279379210783281,1,1
0.03926788685524126,0.05916676851969742,2,0
0.036272878535773705,0.0543203960120591,2,1
0.1038269550748752,0.16136927537528223,3,1
0.06289517470881864,0.09729229176307257,4,1
0.08885191347753743,0.13853173910262417,0,0
0.0632279534109817,0.09595769886278983,1,0
0.10782029950083194,0.16453893630631206,2,1
0.17154742096505823,0.26444475347880325,2,0
0.10349417637271213,0.15788023526103362,2,0
0.05291181364392678,0.07854955713314062,3,0
0.06156405990016639,0.09188984479562393,3,1
0.08552412645590682,0.13043679272464126,4,1
0.1341098169717138,0.2068859962871494,4,1
0.039434276206322796,0.059180863282365104,4,1
0.050249584026622295,0.07636470108098625,1,1
0.035773710482529114,0.05374193468385377,1,0
0.014975041597337767,0.02052549933249375,1,1
0.043926788685524125,0.06658121727807398,2,0
0.050249584026622295,0.07675868137329353,2,1
0.05457570715474209,0.0837879466616015,2,0
0.03793677204658901,0.05720635389787021,2,1
0.23527454242928453,0.3747742320302,2,1
0.18635607321131445,0.2975256153414997,2,1
0.07004991680532445,0.10972396319378723,3,0
0.05590682196339434,0.08710815549906153,3,1
0.035607321131447586,0.054618090150494236,3,0
0.0519134775374376,0.08087775353294334,3,0
0.02628951747088186,0.03948391731638165,3,1
0.02229617304492512,0.03250153933171572,4,0
0.03660565723793677,0.0555594518792759,1,1
0.020798668885191347,0.030072053664309532,3,0
0.06173044925124792,0.09561411856530051,3,0
0.03444259567387687,0.05182711190962011,4,0
0.027953410981697166,0.041538416579989634,4,1
0.09434276206322795,0.14824362716509615,4,0
0.04958402662229617,0.07620875440654641,0,0
0.15773710482529119,0.2498403964764123,0,1
0.04475873544093178,0.06878150745665997,1,1
0.03144758735440932,0.047190088013312266,1,0
0.0281198003327787,0.04182686237098794,1,1
0.07670549084858569,0.11881109437127423,3,0
0.29700499168053246,0.4695418081387918,0,0
0.007487520798668885,0.008719976153449513,1,0
0.008319467554076539,0.010054041588263835,1,0
0.06039933444259567,0.09284255673986637,1,0
0.0237936772046589,0.034533389082178186,2,0
0.10815307820299501,0.16709160942536405,2,1
0.03510815307820299,0.05217043497863026,3,1
0.03144758735440932,0.04644619381528955,3,0
0.08236272878535773,0.1262428809057957,3,1
0.035274542429284524,0.05235000082820215,3,0
0.043926788685524125,0.0658150743936429,3,0
0.06655574043261231,0.10114733680040539,4,0
0.1362728785357737,0.20969244708789633,0,0
0.062063227953410974,0.09462932043383813,0,1
0.01797004991680532,0.025098883714641758,0,0
0.030782029950083195,0.04517177641135358,1,0
0.022795341098169716,0.03247728077850037,2,1
0.012312811980033277,0.01601375816589811,2,0
0.02628951747088186,0.03804217533829233,2,0
0.05041597337770382,0.07443428786674523,3,1
0.06522462562396006,0.09767318142783514,4,1
0.09633943427620632,0.14330886515372293,2,1
0.04425956738768719,0.06392755378544672,2,0
0.10532445923460898,0.1568999646620971,2,0
0.05058236272878536,0.07299980476471103,4,0
0.10532445923460898,0.1555511231068836,4,0
0.08985024958402663,0.13285547376896167,0,1
0.09816971713810316,0.14534044567287194,0,1
0.16156405990016637,0.2434476546991289,0,1
0.03294509151414309,0.046535935082810106,2,1
0.022628951747088184,0.030851532324420318,2,0
0.14891846921797003,0.2234089457186469,2,0
0.07504159733777037,0.10906553980401562,4,0
0.09534109816971713,0.13865929749699402,4,0
0.05690515806988353,0.08144927111636603,4,1
0.04425956738768719,0.06333346780852991,0,0
0.05374376039933444,0.07693327970538007,0,0
0.043926788685524125,0.061740421547735236,0,1
0.06888519134775374,0.09887756596522447,1,0
0.06039933444259567,0.08547178186854829,2,0
0.2169717138103161,0.3127922335600381,2,0
0.0708818635607321,0.10059518388345559,3,0
0.02212978369384359,0.028671216537159795,3,0
0.03693843594009983,0.05028096827154082,4,0
0.11946755407653908,0.1681285563912806,1,0
0.09400998336106489,0.13184610767391197,1,0
0.06239600665557404,0.08679944946178546,2,1
0.06638935108153078,0.09285709812694995,2,0
0.03660565723793677,0.048976077635523176,3,0
0.0454242928452579,0.06137878847242936,3,0
0.012479201331114808,0.014086784419972477,0,0
0.029950083194675535,0.03877048790022466,1,1
0.17038269550748752,0.2399913177747424,2,0
0.08086522462562395,0.11208360499329804,2,0
0.04725457570715474,0.06389261190143018,2,0
0.03494176372712146,0.04592528611959917,2,0
0.09534109816971713,0.13228391782747995,3,1
0.08951747088186356,0.12367094960020104,3,1
0.03743760399334443,0.0493897377475255,3,1
0.1574043261231281,0.22061996608934425,4,1
0.059900166389351084,0.08182463091720503,4,0
0.059567387687188014,0.080816337571625,1,1
0.06139767054908485,0.08371395519027369,1,0
0.04875207986688851,0.06555932185465936,1,0
0.042429284525790346,0.05656088853954827,1,0
0.29201331114808654,0.41543094602643754,1,1
0.03311148086522462,0.04382925020676233,2,0
0.039600665557404324,0.05305226035267817,2,0
0.02828618968386023,0.036736143903901175,2,0
0.0881863560732113,0.12440378007149198,3,0
0.07271214642262895,0.10225835727473016,3,0
0.020299500831946753,0.025696250301721436,4,0
0.09534109816971713,0.13558809747572886,4,1
0.10665557404326123,0.15278193963012449,4,1
0.1329450915141431,0.19186169538438685,4,1
0.052579034941763726,0.07360352946511818,4,0
0.086522462562396,0.12287929494318837,0,0
0.07986688851913477,0.11084176531525704,1,1
0.14292845257903494,0.2023916127479518,1,0
0.04259567387687188,0.0577474090589153,0,0
0.0800332778702163,0.11201879538110197,0,1
0.036272878535773705,0.048286351082810895,1,0
0.045757071547420966,0.061802475727148226,1,1
0.016306156405990015,0.019441592872515595,2,0
0.07454242928452579,0.10329547676545746,2,0
0.09883527454242927,0.1347808598348468,4,0
0.07853577371048252,0.10587929769754759,4,1
0.026455906821963387,0.0329760724583216,0,0
0.03876871880199667,0.050017818281016715,1,0
0.058069883527454236,0.07597337724293403,2,1
0.06522462562396006,0.08541743899997141,3,1
0.07870216306156405,0.10384968097624922,3,1
0.11364392678868553,0.1527768419495246,3,1
0.0708818635607321,0.09387247028226635,3,0
0.016139767054908483,0.01787952832801281,4,0
0.10748752079866888,0.14452513635122707,4,1
0.26339434276206325,0.3613154909505478,4,0
0.05124792013311148,0.0669307445906652,0,0
0.015973377703826955,0.017993027125568953,1,0
0.04143094841930116,0.053531763165744484,1,0
0.08785357737104825,0.1175681804330976,1,1
0.048918469217970044,0.0636896992068325,2,1
0.02579034941763727,0.031555099150750526,2,0
0.07004991680532445,0.09132572103687525,4,0
0.04093178036605657,0.05150392447690123,4,0
0.14193011647254575,0.18967048270701237,4,0
0.24808652246256238,0.33000115719122897,0,0
0.0995008319467554,0.12927190192774762,1,0
0.11713810316139767,0.1526430432801622,1,0
0.18202995008319467,0.2402076955765233,2,0
0.03610648918469218,0.04396958732185505,2,0
0.1569051580698835,0.2061670469225535,3,0
0.10266222961730448,0.13344366416712838,3,1
0.3131447587354409,0.4162965931255065,3,0
0.13510815307820298,0.17800534223216138,4,1
0.08402662229617304,0.10916492230940845,4,1
0.10715474209650581,0.14084118921568115,4,1
0.08485856905158069,0.11085894566000112,4,0
0.32945091514143093,0.4408041607618701,4,1
0.3361064891846922,0.4530146036765877,4,1
0.16755407653910148,0.22841828913299222,4,0
0.4319467554076539,0.5996161927591604,0,0
0.2848585690515807,0.39100380736843116,0,0
0.03876871880199667,0.05038535691002309,0,0
0.06572379367720466,0.08833351488253036,1,0
0.13826955074875208,0.18408596035923488,2,0
0.06905158069883528,0.08678050291533655,3,0
0.08635607321131446,0.10821824415575457,4,0
0.4976705490848585,0.6454841439464426,4,0
0.21381031613976703,0.2737731269272846,4,0
0.11996672212978368,0.151861614135249,4,0
0.25207986688851913,0.32382133318362544,0,1
0.06605657237936771,0.08177163793079366,0,0
0.03594009983361065,0.0422214449983769,1,0
0.0713810316139767,0.08805319725537766,1,1
0.08469217970049916,0.1054998178367176,1,1
0.08202995008319466,0.10192306362227944,1,0
0.14026622296173044,0.17495860870987165,2,0
0.049417637271214634,0.05712299910524196,3,0
0.061896838602329446,0.07294416045933039,3,1
0.13494176372712144,0.16265806176097553,0,0
0.32129783693843594,0.38295901626855905,1,0
0.21830282861896835,0.2597288948721765,1,0
0.5600665557404326,0.6785512188386056,1,0
0.481198003327787,0.5876203537645864,1,0
0.27986688851913477,0.3477855966630433,2,0
0.16256239600665556,0.2007648535140429,2,1
0.22645590682196337,0.2819400372507408,2,0
0.23128119800332778,0.2869686990659023,2,0
0.15723793677204656,0.19416297426439502,2,1
0.12961730449251246,0.15835901930710217,3,1
0.11630615640599001,0.14162708389226966,3,0
0.32695507487520803,0.40637695506192,4,1
0.20149750415973375,0.2512306584769607,4,0
0.12113144758735442,0.14942894672543058,4,0
0.09051580698835274,0.11025272125402416,4,1
0.13427620632279533,0.16522818213505788,0,0
0.2906821963394343,0.36462852234480736,0,1
0.09600665557404325,0.11801481025925968,0,0
0.08469217970049916,0.1036692898006156,0,0
0.09999999999999999,0.12180618087273086,1,0
0.16572379367720463,0.20464205718164266,1,0
0.11114808652246255,0.13605214210172975,2,1
0.3685524126455907,0.4637065945598089,2,0
0.0757071547420965,0.09374241988817048,3,1
0.0956738768718802,0.11831787135008494,4,0
0.1605657237936772,0.19336190308942128,2,1
0.3738768718801997,0.4590315288243418,2,0
0.13677204658901831,0.16513751798927936,2,0
0.0627287853577371,0.07256380271213744,3,1
0.12113144758735442,0.1451425375914377,3,1
0.3435940099833611,0.4229830769130063,3,1
0.15507487520798668,0.1887098796211194,3,1
0.3209650582362729,0.4003820934565318,3,0
0.03294509151414309,0.03642250852695364,4,0
0.5267886855241264,0.671137862957031,0,0
0.21813643926788684,0.2792272751976105,1,0
0.19267886855241265,0.24597826817901267,2,1
0.28851913477537444,0.374278757212493,2,0
0.17953410981697168,0.23315231165897612,3,1
0.14475873544093176,0.18917321977274623,3,0
0.23111480865224626,0.30438918793662356,3,0
0.20415973377703825,0.2600742149871269,0,0
0.042429284525790346,0.05037150807911441,0,1
0.060898502495840265,0.07444709509552765,1,1
0.10615640599001663,0.13352901353086782,1,1
0.08153078202995008,0.09909141749090632,1,0
0.13244592346089848,0.1627983581933844,2,0
0.14509151414309485,0.17840573014992323,3,1
0.05041597337770382,0.05941169576306189,3,0
0.1038269550748752,0.12612704799838037,4,0
0.09284525790349417,0.11174460300314362,0,1
0.12262895174708818,0.14964312178963934,0,0
0.10149750415973377,0.12378251170242215,2,1
0.06056572379367721,0.07186135941180076,2,0
0.1434276206322795,0.17767182463761635,4,1
0.04958402662229617,0.05833481050888152,4,0
0.04841930116472546,0.05686401640786738,4,0
0.054242928452579026,0.06432782767307722,4,0
0.11547420965058235,0.13935297330886917,0,0
0.13327787021630613,0.16091590177112128,1,0
0.060898502495840265,0.07090069283754485,1,1
0.08935108153078203,0.1065316467246002,2,1
0.13693843594009983,0.16405086514463255,3,1
0.10815307820299501,0.13006209203602698,4,0
0.08169717138103161,0.09713861289506548,4,0
0.07371048252911813,0.08707603373351376,4,0
0.08951747088186356,0.10864557253567879,4,0
0.20831946755407652,0.25989865756569275,0,0
0.0670549084858569,0.08001070579661684,0,0
0.03211314475873543,0.035427792705231,0,0
0.11148086522462562,0.13377698577361638,3,0
0.06871880199667221,0.07884146936436355,0,1
0.06921797004991681,0.07999315011665072,0,0
0.07487520798668885,0.08685804653085777,0,1
0.10183028286189684,0.12079251114822391,1,0
0.11264559068219633,0.1346203843853081,1,0
0.07587354409317802,0.08896871964970375,2,1
0.05590682196339434,0.06419898995571209,2,0
0.10931780366056572,0.13120524602561232,3,0
0.12412645590682195,0.14962023127220528,3,0
0.15124792013311147,0.18375235827654984,4,1
0.05906821963394342,0.06860270810856692,4,0
0.19850249584026622,0.24181160311870623,0,0
0.11780366056572379,0.14288522803282014,1,1
0.12246256239600664,0.1502316094366284,1,1
0.04908485856905157,0.057131666560357786,1,0
0.04525790349417637,0.05211344881790034,2,1
0.08352745424292844,0.10054972779325332,2,0
0.1391014975041597,0.1707615209042167,2,0
0.04143094841930116,0.0473613182693275,2,0
0.07820299500831947,0.0936128097007849,2,0
0.04143094841930116,0.04707445180535254,3,1
0.12961730449251246,0.1577236467401487,3,0
0.021797004991680528,0.022435421630139354,3,0
0.06505823627287853,0.0770113008842574,3,1
0.13444259567387687,0.16663449038003114,4,0
0.28585690515806994,0.36325919298267517,0,0
0.11863560732113144,0.14676630796197965,0,0
0.019800332778702162,0.01985690218644908,1,0
0.11014975041597337,0.13268434203648707,3,1
0.6264559068219633,0.7816135253505453,3,0
0.08402662229617304,0.1008312076988393,3,1
0.03261231281198003,0.03615586807472501,3,0
0.07620632279534109,0.09117290501509258,4,0
0.2757071547420965,0.34347323947881153,0,0
0.08086522462562395,0.0976896302801778,0,0
0.08735440931780365,0.10499844663027026,1,1
0.16971713810316139,0.210283137028256,1,1
0.018635607321131446,0.018727550160535622,1,0
0.13876871880199665,0.17173871483778697,2,1
0.08835274542429283,0.10787000247875626,2,0
0.07071547420965058,0.08456200839459943,3,0
0.15324459234608984,0.18903913560684307,3,0
0.035773710482529114,0.04031075148830429,3,0
0.05291181364392678,0.061671883201556296,4,0
0.08186356073211314,0.09801629307135729,4,0
0.11114808652246255,0.1349415398728558,4,0
0.11231281198003328,0.13521629282137018,4,1
0.03361064891846922,0.037008348715783485,4,0
0.07221297836938435,0.08493941859305217,0,1
0.05723793677204658,0.0662103036860248,0,1
0.11381031613976704,0.13687356452722954,0,1
0.17970049916805325,0.22038001125963488,0,0
0.030449251247920132,0.03345129883899236,1,0
0.1274542429284526,0.15570810435382618,2,0
0.014975041597337767,0.01371144575774798,3,1
0.04276206322795341,0.04872669957170535,3,1
0.04459234608985024,0.051094993116846524,4,0
0.020465890183028284,0.02056368407398078,4,1
0.0497504159733777,0.055865825274845196,2,0
0.0778702163061564,0.0904586759879176,2,0
0.2059900166389351,0.24881556498377752,2,1
0.06638935108153078,0.07763077902954756,3,1
0.14043261231281196,0.17061792864081332,3,0
0.056073211314475874,0.0648372554466845,3,0
0.13727121464226288,0.16705052226248865,4,0
0.33843594009983363,0.4234383355223781,0,0
0.03743760399334443,0.04249877626617867,1,0
0.056405990016638936,0.06629636421928084,1,1
0.07337770382695508,0.08771259354144599,1,0
0.10931780366056572,0.13304108973325535,2,0
0.07337770382695508,0.0886905588650147,4,0
0.09783693843594009,0.11727594231899198,0,1
0.08835274542429283,0.10551931650361855,0,0
0.1314475873544093,0.15937083210657862,0,0
0.037104825291181365,0.041080656590284266,0,0
0.07703826955074874,0.09139356740517281,1,0
0.008652246256239601,0.005608604074887105,2,0
0.0935108153078203,0.11108766008651029,2,0
0.03144758735440932,0.03418904948164193,2,0
0.06988352745424292,0.08222769852508302,2,0
0.06905158069883528,0.08092706387193833,2,0
0.12262895174708818,0.14747088254484,3,0
0.2652246256239601,0.32328711625015405,3,0
0.07204658901830283,0.08447010309188074,3,0
0.07870216306156405,0.09219682132795001,4,0
0.11896838602329451,0.1421204073293076,4,0
0.24991680532445923,0.3041682993203757,4,0
0.12096505823627288,0.14566581369540102,0,1
0.09184692179700497,0.10980197994754548,0,0
0.09767054908485856,0.11718957036068074,0,0
0.11597337770382694,0.14010870760214528,0,1
0.08103161397670548,0.09673811286588854,0,0
0.05790349417637271,0.06749401069629615,1,0
0.17221297836938435,0.21138597707216517,1,0
0.07920133111480865,0.09432145645140563,2,0
0.08419301164725457,0.10017051054467625,2,0
0.039101497504159734,0.043860682793351896,2,0
0.056073211314475874,0.0648778498453061,3,1
0.07803660565723793,0.09233631479377297,3,1
0.1638935108153078,0.19990108572217896,3,1
0.040599001663893505,0.04595015536001041,4,0
0.039434276206322796,0.044545690796928154,4,1
0.0670549084858569,0.07952756192374633,0,0
0.0632279534109817,0.07415549641520552,0,0
0.06339434276206322,0.07474018613788827,1,0
0.024958402662229616,0.026623134400491355,2,0
0.026455906821963387,0.028424831101496045,2,0
0.06389351081530781,0.07543280430176685,3,0
0.06938435940099832,0.08235652559420317,4,0
0.03261231281198003,0.03608077154226993,4,1
0.03976705490848586,0.04514382056147844,4,1
0.07004991680532445,0.0833571443767126,4,0
0.04608985024958402,0.0531391521643972,4,0
0.028951747088186354,0.030962251353355376,4,0
0.03344425956738768,0.036555253247565415,4,1
0.023460898502495837,0.024194260102625674,0,0
0.027787021630615638,0.029598177133607656,0,0
0.05490848585690515,0.06341860097789327,0,0
0.094675540765391,0.1132522980883474,1,0
0.02861896838602329,0.030407553271151647,2,1
0.034775374376039926,0.038124716751769,2,0
0.09550748752079867,0.11285414936998214,3,0
0.0454242928452579,0.05058753719364943,3,1
0.038103161397670546,0.0416310950090221,3,0
0.03344425956738768,0.035495137459540596,0,0
0.07154742096505823,0.08199665724575145,0,0
0.15357737104825292,0.17983315571717434,0,1
0.07487520798668885,0.08504101713214814,1,0
0.055241264559068214,0.05940018202487758,2,1
0.11381031613976704,0.12890358458957352,3,0
0.15257903494176372,0.1747190797003747,3,1
0.05873544093178036,0.06418689192809118,3,0
0.08086522462562395,0.09034182091820521,3,0
0.08286189683860232,0.09283287293518437,4,0
0.10915141430948418,0.12354326191614128,4,0
0.10998336106489184,0.12178035351598922,0,0
0.15024958402662228,0.16769880588107877,0,0
0.08585690515806989,0.09326520433017824,1,0
0.062063227953410974,0.0662417546647442,1,0
0.05856905158069883,0.06209433734765997,2,1
0.0951747088186356,0.10385885826328428,2,0
0.12113144758735442,0.13489941967915045,3,0
0.09800332778702162,0.10821562843086849,3,0
0.2271214642262895,0.2572482911164661,3,0
0.1362728785357737,0.15203912982488832,3,0
0.027121464226289513,0.02572556767299141,4,0
0.04958402662229617,0.05174186309824305,4,0
0.06905158069883528,0.07385762097727865,4,1
0.06805324459234609,0.07284115002326878,0,0
0.04009983361064892,0.040102277806496105,0,0
0.042928452579034944,0.04328674948476548,1,0
0.031946755407653904,0.030672632005121728,1,0
0.07986688851913477,0.08528247599967548,2,1
0.027787021630615638,0.025962072076982735,2,0
0.03277870216306156,0.03195763238091426,3,1
0.4064891846921797,0.4621747105234241,3,0
0.041098169717138096,0.04119855896904587,4,0
0.04925124792013311,0.05041638849450885,0,0
0.14958402662229617,0.16023650451160507,1,0
0.399667221297837,0.4388112407328431,1,0
0.03277870216306156,0.03102808078028707,3,0
0.06522462562396006,0.06761444097600883,3,0
0.10299500831946753,0.10947653287216476,3,0
0.30083194675540764,0.3322572326652464,3,0
0.07004991680532445,0.07272321831474063,4,0
0.048252911813643926,0.04847841640603605,4,0
0.10881863560732112,0.11627405732799424,4,0
0.2400998336106489,0.2549724888461112,1,1
0.06106489184692179,0.06043768336241366,2,0
0.16422628951747087,0.17249421529853926,2,0
0.11830282861896839,0.1225180271737978,2,1
0.4858569051580699,0.522634743510975,3,0
0.09434276206322795,0.09693455625367665,4,1
0.31913477537437607,0.33942068109561285,4,0
0.07487520798668885,0.07366180108176278,0,1
0.22945091514143093,0.23598072474822487,1,0
0.4173044925124792,0.4264409268278902,3,1
0.13261231281198005,0.133997465897424,4,1
0.0930116472545757,0.08962943799935737,0,0
0.9999999999999999,1.0,1,0
0.26405990016638936,0.26355743436999507,1,0
0.20682196339434275,0.1994766832698439,3,0
0.04425956738768719,0.037428345832161654,3,0
0.3945091514143095,0.377887180852706,4,0
0.9494176372712146,0.9277197458712737,4,0
0.3276206322795341,0.3172080755751471,4,1
0.1658901830282862,0.15785034180556162,4,0
0.2168053244592346,0.20770634481114905,0,0
0.2565723793677205,0.24704485760509196,0,0
0.31014975041597337,0.3007541533636303,0,0
0.22961730449251247,0.21422565473844707,1,0
0.20965058236272877,0.19637935889961494,1,1
0.9440931780366056,0.9165972737370935,1,0
0.19700499168053243,0.18764008890603884,1,1
0.5610648918469218,0.5658678291147682,2,1
0.8297836938435941,0.8375635683712479,2,0
0.17537437603993342,0.17255645339612902,4,0
0.37554076539101494,0.3784849441475727,4,1
0.14475873544093176,0.14339275171624327,4,0
0.19018302828618966,0.1897277776587561,0,0
0.2011647254575707,0.2053255406503253,0,0
0.21913477537437603,0.22430023824186796,1,0
0.27054908485856904,0.2800665598952282,1,1
0.2718801996672213,0.2835967909414591,1,1
0.15124792013311147,0.15520419443454686,2,0
0.11996672212978368,0.12129685433893304,2,0
