candle_size,percentage,weekday,volume,target
0.10582732410836093,0.15312962446897888,2,0.2387171115805646,1
0.10680179302280256,0.15393677548002055,2,0.16148133922284105,0
0.014617033716624438,0.01977724230310756,3,0.02576659624863965,0
0.16410056519197033,0.23218606061738,0,0.2742141988349018,0
0.08049113233287858,0.11271164519490508,2,0.14861404519557006,0
0.06762814266224908,0.09252225018570982,4,0.10533896677549452,1
0.0459949327616449,0.06223002362636913,1,0.03146405479802829,0
0.0339115182225687,0.04520784347281635,1,0.04093848025094424,0
0.11401286298967063,0.157896272215798,1,0.08101273926125087,0
0.05437536542584291,0.0740712663406655,3,0.015716023301965303,0
0.06587409861625414,0.09131270547185039,4,0.06043147045643685,0
0.03254726174235041,0.04569948730196993,4,0.05399782344280135,1
0.0452153576300916,0.06400076399558823,4,0.08955892708533383,1
0.033716624439680376,0.04722684700316172,4,0.0457397093655976,0
0.08029623854999025,0.11423322196196335,4,0.12355162921707957,0
0.03254726174235041,0.04580272916331987,4,0.00768196658344536,0
0.10914051841746249,0.15763279998265062,4,0.26233915882465914,1
0.04735918924186318,0.06755901327181887,4,0.012675244862684846,1
0.22900019489378284,0.33467818228738444,3,0.2372447346520709,1
0.3120249464042097,0.4507191616577794,3,0.40291914730170925,0
0.06899239914246735,0.09819974907174357,1,0.08242109980154919,0
0.2120444357824985,0.3039635894890732,1,0.3422316112924909,0
0.09744689144416292,0.1383181656992214,2,0.09823314768580756,0
0.04482557006431495,0.061345672304436924,3,0.10092183599001343,0
0.03741960631455857,0.05175969558966162,2,0.13228986620574867,0
0.12239329565386865,0.1719237325855037,4,0.2020677293387107,0
0.2886376924576106,0.40504075404908807,4,0.3051341143332693,0
0.01715065289417268,0.021929730221016297,0,0.0762755265347929,0
0.01227830832196453,0.015399121413724987,2,0.020229178669739452,0
0.05164685246540636,0.07111819680366922,2,0.1345304397925869,0
0.04989280841941142,0.06922409707920422,0,0.06420843735996415,0
0.054765152991619576,0.0767288395160242,3,0.02938352218167851,0
0.06684856753069576,0.09283568880750706,4,0.13494654631585684,1
0.041707269538101735,0.05713780479887967,4,0.031592087574419045,0
0.10641200545702592,0.14570179042016868,1,0.25180846296651943,0
0.026115766907035664,0.03296733181860841,4,0.03440880865501568,0
0.06587409861625414,0.08737455797861209,2,0.10556302413417834,1
0.05612940947183785,0.07803343779438932,2,0.07182638755521413,1
0.029428961216137205,0.039810862479232975,4,0.038281800140836056,0
0.13681543558760473,0.1921578624524587,1,0.18801613212982524,1
0.038394075229000194,0.05336791292300365,1,0.030407784392804556,1
0.19742740206587409,0.28078343625678964,4,0.34415210293835224,0
0.12102903917365036,0.1709559610228612,0,0.1866397797836246,0
0.03313194309101539,0.0454498960244696,1,0.09861724601497983,0
0.05612940947183785,0.07791763285230491,2,0.09640868062223928,0
0.06626388618203079,0.09258213175547532,0,0.1053709749695922,0
0.0354706684856753,0.04812036191922102,3,0.09628064784584853,1
0.08633794581952835,0.11993001802308666,4,0.11718199859163944,1
0.08945624634574156,0.12492180833325785,2,0.20091543435119388,1
0.06412005457025921,0.08822195845775847,3,0.0928877792714935,0
0.03488598713701033,0.046552585386779324,1,0.054381921771973624,0
0.054765152991619576,0.07533097092804744,3,0.09736892644516995,1
0.12044435782498537,0.16696016209705244,3,0.17460469880289353,0
0.028259598518807248,0.037281180427156974,3,0.06414442097176877,0
0.016565971545507697,0.020927285766084824,1,0.10591511426925292,0
0.11615669460144222,0.16111963442777144,1,0.3001728442481275,1
0.2239329565386864,0.30787183723930067,2,0.33448562832085016,0
0.012862989670629509,0.015171673131782429,3,0.08555790282312271,0
0.025141297992594038,0.03210427067346775,1,0.08584597657000191,0
0.04307152601832001,0.05926757291805777,4,0.03306446450291274,0
0.253556811537712,0.35611430922856924,3,0.47135266628256833,0
0.050867277333853045,0.06922084081854664,0,0.12854490749631906,1
0.022217891249269147,0.028526441370860058,1,0.1481339222841047,1
0.1101149873319041,0.14973488850016997,3,0.279751616413802,0
0.06782303644513739,0.0912610326050363,4,0.20347608987900903,1
0.4016760865328396,0.5144008134183159,3,0.33576595608475773,0
0.06645877996491913,0.0863142523672938,4,0.12278343255873503,1
0.1487039563437926,0.19537788045658266,0,0.15770437231931372,0
0.17579419216526992,0.229097745935886,1,0.23333973497215285,0
0.1469499122977977,0.18894795242237877,1,0.30058895077139747,0
0.13856947963359967,0.1775837006785168,4,0.2053005569425773,1
0.09686221009549795,0.11956142510649627,1,0.06833749439856603,1
0.5164685246540636,0.6400965524785942,1,0.4291978746559119,1
0.12999415318651333,0.1675862508302437,3,0.09848921323858907,1
0.04950302085363477,0.06205578524567679,2,0.07265860060175404,1
0.09764178522705125,0.12551774076156724,2,0.12092695730106906,1
0.12862989670629504,0.165587280439925,2,0.23778887395173162,0
0.23738062755798087,0.30522499763856253,3,0.16474617502080532,0
0.12453712726564022,0.16218652493427144,1,0.20347608987900903,1
0.07581368154355876,0.09584383432763545,4,0.041066513027334994,0
0.07912687585266029,0.1010018646360374,2,0.1546315856859356,0
0.23172870785421942,0.2976507921496208,0,0.19672236092439663,0
0.015591502631066071,0.01589492746712516,3,0.01869278535305038,1
0.09140518417462482,0.11875658598752449,1,0.0750912233531784,0
0.16117715844864547,0.21507974084580384,3,0.21964022789834198,1
0.055934515688949527,0.07203304843762186,3,0.12291146533512579,1
0.060611966478269344,0.07976561750379427,1,0.09496831188784328,0
0.09335412200350808,0.12461163543859351,1,0.07954036233275719,0
0.08848177743129994,0.11806588425985835,1,0.1473657256257602,0
0.20717209121029037,0.27552730530012204,3,0.07179437936111643,0
0.08594815825375171,0.11729782927303235,1,0.07291466615453555,0
0.03975833170921847,0.05235655622964824,4,0.06651302733499775,1
0.08321964529331513,0.11145870191231012,1,0.04727610268228666,0
0.15201715065289415,0.20545636255912025,1,0.15066256961782215,1
0.11966478269343207,0.16165980177243677,2,0.14957429101850073,0
0.044630676281426626,0.058863059866246945,3,0.14314064400486523,0
0.07659325667511206,0.10216072847140946,4,0.10645925356891364,0
0.29058663028649384,0.39889414166938,2,0.249791946738365,0
0.0723055934515689,0.09655346012126884,1,0.05847897061647782,0
0.22938998245955952,0.31011134484785197,4,0.2935471480699059,0
0.05534983434028455,0.07372201104256433,4,0.0684015107867614,0
0.050087702202299744,0.06737034009403872,4,0.017284424812752063,1
0.008575326447086338,0.00953845761698012,1,0.0457397093655976,1
0.07620346910933541,0.10511777301166532,4,0.0754113052941553,1
0.05534983434028455,0.07574545677536884,4,0.02157352282184239,1
0.07366984993178718,0.1013495047009124,1,0.12489597336918251,0
0.12317287078542195,0.17863573158150536,3,0.12972921067793355,0
0.11069966868056909,0.16365656416761504,0,0.19182510722745022,1
0.03936854414344182,0.05784004264153132,1,0.07384290378336854,1
0.43675696745273823,0.6514306490348207,3,0.41437808078868194,0
0.02319236016371078,0.032154454440898116,4,0.09202355803085589,1
0.07522900019489379,0.10691451989864632,4,0.05111708597400934,0
0.15513545117910738,0.2212256798646381,0,0.16705076499583893,0
0.06470473591892419,0.09163569329543067,3,0.061839830996735165,1
0.033326836873903726,0.04531851899058703,4,0.034440816849113376,0
0.07055154940557397,0.09812604741406912,3,0.13789130017284423,0
0.04151237575521341,0.056961525192430515,4,0.10994814672556173,0
0.044630676281426626,0.06192890040369206,1,0.08478970616477818,0
0.03858896901188852,0.05407883393537666,3,0.03616925933038857,0
0.055154940557396226,0.07793340856023949,3,0.16052109339991036,0
0.04541025141297993,0.06430551598021642,4,0.09960950003200819,0
0.019294484505944263,0.028148830528573025,1,0.0416426605210934,0
0.03800428766322354,0.056448131358917145,2,0.12070289994238526,1
0.045020463847203276,0.06640364834442387,2,0.16602650278471287,0
0.07522900019489379,0.10966288182024804,0,0.2580500608155688,0
0.08555837068797505,0.12706061506826816,1,0.18030215735228217,0
0.026505554472812314,0.04044260874835695,4,0.10533896677549452,0
0.05496004677450789,0.08332295254147387,0,0.09653671339863004,0
0.016760865328396022,0.02522915882739908,4,0.018820818129441134,0
0.06041707269538102,0.09505963366205815,1,0.034440816849113376,1
0.049697914636523094,0.0780397085928092,1,0.13286601369950707,1
0.01715065289417268,0.024209745539231692,1,0.04756417642916587,0
0.010134476710192943,0.015195353129900148,1,0.028551309135138595,0
0.2291950886766712,0.34700134141573136,1,0.3202419819473785,0
0.0806860261157669,0.124337700499263,0,0.11647781832149029,0
0.0,0.0,2,0.015139875808206901,0
0.22763593841356458,0.3529003351782752,3,0.40519172908264517,0
0.027674917170142272,0.04272346315972854,1,0.036777415018244664,0
0.339115182225687,0.5205846466337878,1,0.48329172268100634,0
0.06314558565581758,0.09712902383732742,2,0.08261314896613532,1
0.07035665562268564,0.10940292969240976,1,0.14314064400486523,1
0.09744689144416292,0.15090222892094024,1,0.2035080980731067,1
0.06665367374780744,0.10309411039362694,1,0.1817105178925805,0
0.05788345351783278,0.08945075685934376,2,0.11615773638051341,1
0.22841551354511788,0.3572664724427509,3,0.49545483643812815,0
0.14656012473202104,0.22696638047725393,4,0.10975609756097561,1
0.15864353927109723,0.2422605836654167,4,0.5713142564496512,1
0.6729682323133891,0.9999999999999999,1,0.5677613469048076,0
0.03313194309101539,0.04864869257620115,2,0.05659048716471417,0
0.09140518417462482,0.13143153611721264,4,0.12512003072786632,1
0.08887156499707659,0.12642142146434382,3,0.13520261186863836,0
0.033326836873903726,0.04705533950957007,4,0.03140003840983292,0
0.03488598713701033,0.049504382015748624,0,0.09474425452915945,0
0.05749366595205613,0.0829769697809472,0,0.15991293771205428,1
0.013057883453517834,0.01743250992314526,3,0.0,0
0.09666731631260962,0.13932681787748252,1,0.16529031432046604,1
0.08010134476710193,0.11444864864669156,2,0.24297420139555723,0
0.06158643539271097,0.08746483531942058,2,0.1708917482875616,0
0.0715260183200156,0.10021471191348487,3,0.24012547212086294,1
0.11186903137789904,0.15603231869087436,3,0.4056078356059151,0
0.06801793022802573,0.09433902910729228,0,0.22825043211062032,0
0.0843890079906451,0.11908634452113397,1,0.1948018692785353,0
0.023387253946599098,0.031154757292952508,4,0.12281544075283271,0
0.03683492496589358,0.050134635152930915,4,0.03274438256193585,0
0.06314558565581758,0.08613761383274679,3,0.07944433775046411,0
0.04774897680763983,0.06452602893686041,4,0.08690224697522565,0
0.1350613915416098,0.18632851711074166,4,0.2259778503296844,1
0.08633794581952835,0.11702310886092225,1,0.2035080980731067,1
0.10660689923991425,0.14463417720389093,2,0.17316433006849752,1
0.19957123367764565,0.27086938444758885,2,0.23116317777351,0
0.06197622295848762,0.08209531853604062,3,0.14896613533064465,0
0.36289222373806274,0.4936340020950182,4,0.5803725753792971,0
0.08536347690508672,0.1126418228413988,0,0.15959285577107737,0
0.24010914051841745,0.3165705181275823,4,0.4429293899238205,0
0.10641200545702592,0.13784321596327437,0,0.15876064272453747,0
0.11401286298967063,0.14841536530011384,1,0.15664810191409,0
0.11362307542389398,0.14606443411995612,4,0.20894949106971383,0
0.0851685831221984,0.10857804432255701,0,0.13414634146341461,0
0.07971155720132528,0.10116037745306806,1,0.08757441905127712,1
0.10192944845059441,0.1300823015501783,1,0.09628064784584853,0
0.041707269538101735,0.05150040907242759,4,0.19880289354074643,0
0.10465796141103098,0.13443298881050042,0,0.19384162345560463,0
0.2533619177548236,0.3327419273511183,1,0.49852762307150633,0
0.054765152991619576,0.07144482851416253,1,0.15559183150886627,1
0.08049113233287858,0.10887157639586527,2,0.14394084885730746,0
0.10387838627947768,0.14224038710587844,2,0.1397477754305102,1
0.055154940557396226,0.07424371761656161,2,0.0978170411625376,1
0.02124342233482752,0.027461184617115407,2,0.12332757185839574,0
0.10914051841746249,0.14576507298379043,4,0.3037577619870687,1
0.19060611966478266,0.25440941925672717,0,0.35516292170795727,1
0.24751510426817383,0.32690966052737763,2,0.48476409960950007,1
0.233872539465991,0.29550095669993054,4,0.14186031624095768,0
0.260183200155915,0.3291609065746817,0,0.17834965751232315,0
0.25004872344572204,0.3167797525676516,3,0.442673324371039,1
0.16916780354706684,0.21171464658313477,4,0.282216247359324,0
0.1056324303254726,0.1320865682937294,1,0.19345752512643236,0
0.1101149873319041,0.13808828579210353,0,0.15773638051341143,1
0.1750146170337166,0.21939754430541114,1,0.3316689072402535,1
0.17988696160592474,0.22079427198576224,2,0.415498367582101,0
0.11946988891054376,0.1479277231224036,1,0.18382305870302798,1
0.050087702202299744,0.05852717985719873,3,0.06875360092183598,1
0.19411420775677254,0.24556512791503415,2,0.35516292170795727,1
0.10231923601637108,0.12616244174078278,2,0.20331604890852056,0
0.04872344572208147,0.058384223337216906,4,0.17230010882785993,1
0.08010134476710193,0.09783387986785234,1,0.15735228218423916,0
0.3416488014032352,0.43225431829456734,1,0.4114973433198899,0
0.1720912102903917,0.21488056241185516,1,0.3148005889507714,0
0.14227246150847786,0.17833378069743439,0,0.11436527751104282,1
0.06626388618203079,0.0805268743645516,0,0.11113244990717623,0
0.3157279282790879,0.3968181529061342,0,0.40784840919275334,0
0.04229195088676671,0.050031444040442935,0,0.07624351834069522,1
0.06275579809004092,0.07453408710109788,1,0.23945330004481147,0
0.06431494835314754,0.07564364593417695,3,0.11250880225337685,0
0.1713116351588384,0.21122038780303837,3,0.5604954868446322,0
0.009744689144416296,0.00760477369148236,0,0.02512643236668587,0
0.09764178522705125,0.12125234056342925,2,0.15636002816721079,0
0.032352367959462086,0.038471510043280366,1,0.16663465847256898,0
0.12141882673942701,0.15319553758849158,3,0.1449971192625312,0
0.02592087312414734,0.029101376284045632,3,0.09388003328852186,0
0.026115766907035664,0.029834266367371624,1,0.08853466487420779,0
0.09939582927304619,0.12506425176933922,2,0.1287689648550029,0
0.04482557006431495,0.0540214697569073,2,0.12006273606043147,0
0.2194503995322549,0.27977446410210954,2,0.3269957109019909,0
0.252387448840382,0.324197720966389,3,0.38809935343447927,0
0.37633989475735724,0.48713155734990776,3,0.5198130721464695,0
0.06840771779380238,0.08491090634797308,4,0.14650150438512258,0
0.19820697719742736,0.2581214886391015,4,0.351994110492286,0
0.11557201325277723,0.1489909823630996,0,0.19896293451123487,0
0.008575326447086338,0.007663601210226301,1,0.019877088534664872,0
0.18612356265835117,0.24322587208171392,0,0.2945394020869343,0
0.06412005457025921,0.08108341932166123,1,0.13958773446002176,0
0.1025141297992594,0.13184593465892047,2,0.187215927277383,0
0.13311245371272654,0.17261231883953515,3,0.15507970040330324,0
0.062171116741375945,0.07679948974841783,2,0.3115357531528071,0
0.13174819723250827,0.16698543382334308,3,0.2560655527815121,0
0.22822061976222954,0.28897898091939944,1,0.7093976057870816,0
0.05924770999805107,0.07204694509492385,2,0.12019076883682223,0
0.10582732410836093,0.13152622748545484,3,0.285096984828116,0
0.13038394075228998,0.16522615705071442,1,0.22034440816849113,0
0.09627752874683297,0.11979569122577845,3,0.18625568145445234,0
0.07289027480023387,0.0922166288154619,1,0.14880609436015618,0
0.14519586825180275,0.19222256277792388,0,0.17223609243966453,0
0.04307152601832001,0.05431291566332262,2,0.12553613725113627,1
0.2946793997271487,0.3878921405928001,2,0.7389731771333461,0
0.038783862794776844,0.047923907059629414,2,0.2504001024262211,0
0.25959851880725004,0.33824789477137573,1,1.0,0
0.11985967647632038,0.1531121968510848,2,0.6039946226233917,0
0.041317481972325085,0.05123838092013551,3,0.10063376224313424,0
0.15279672578444747,0.1982172716667313,4,0.4070161961462134,0
0.05827324108360943,0.0741144186131111,3,0.07198642852570257,0
0.03936854414344182,0.049062110468598055,3,0.11980667050764995,0
0.007990645098421362,0.00715091620290597,3,0.08066064912617629,1
0.01227830832196453,0.012568111830965803,0,0.05524614301261123,1
0.06762814266224908,0.0853026751863483,1,0.12854490749631906,0
0.03488598713701033,0.04226333657888061,2,0.07835605915114269,1
0.08088091989865523,0.10197835274098825,2,0.1554958069265732,0
0.042876632235431686,0.05748413481448668,2,0.07227450227258178,0
0.10504774897680763,0.1444070554299135,2,0.14320466039306062,0
0.00565191970376145,0.005471281222309089,3,0.021797580180526212,0
0.03254726174235041,0.04288051217108743,3,0.1618654375520133,0
0.1268758526603001,0.17180046540739147,0,0.3788809935343448,1
0.10972519976612745,0.1471656259789793,0,0.1677229370718904,0
0.09510816604950302,0.12678191696745328,2,0.40525574547084053,1
0.06723835509647243,0.0849274013162504,4,0.049036553357659565,0
0.08633794581952835,0.11125567154523343,0,0.19995518852826322,1
0.005457025920873125,0.0036040941199620216,0,0.025670571666346582,0
0.2551159618008186,0.3212022130054399,4,0.4149222200883426,0
0.09783667900993957,0.12143825264308723,2,0.19547404135458676,0
0.10212434223348275,0.1279717149145213,1,0.27482235452275783,0
0.0339115182225687,0.03977685687270484,2,0.10815568785609116,1
0.07074644318846228,0.08750607032234906,3,0.11055630241341782,0
0.02962385499902553,0.03343272949434613,3,0.018308687023878112,0
0.1810563243032547,0.2212496531002619,1,0.1948018692785353,1
0.03683492496589358,0.04106817834074611,2,0.08539786185263427,0
0.06314558565581758,0.07367370206921077,3,0.08719032072210485,0
0.13311245371272654,0.16218037234074872,0,0.06945778119198515,1
0.05359579029428961,0.06394756331407227,0,0.06590487164714166,0
0.21379847982849345,0.2644667088123369,2,0.19195314000384098,1
0.22666146949912294,0.2792714290170689,0,0.5806606491261763,0
0.16468524654063532,0.19820757947375423,1,0.24348633250112026,0
0.024946404209705706,0.02560498813658285,1,0.15015043851225912,0
0.12278308321964528,0.14606994746864982,1,0.46395877344600217,0
0.034691093354122,0.03823928158904896,3,0.18766404199475065,1
0.020074059637497563,0.020343589131538643,1,0.03623327571858395,0
0.11849541999610212,0.1434892448839422,4,0.21455092503680942,0
0.1442213993373611,0.17467301024557602,4,0.6771973625248063,1
0.06840771779380238,0.08195531944108714,3,0.4352154151462775,0
0.1750146170337166,0.21406694203541926,0,0.690512771269445,0
0.05983239134671604,0.069823602380796,4,0.10088982779591575,0
0.01227830832196453,0.01048013217875092,3,0.0270789322066449,0
0.015006821282401089,0.014713870258741803,3,0.03197618590359132,0
0.04735918924186318,0.055598763218837194,4,0.06334421611932654,0
0.11830052621321381,0.14427409348458542,4,0.21832789194033672,1
0.14811927499512764,0.18030071495174171,4,0.39408488573074707,0
0.12278308321964528,0.14881895131123868,2,0.40490365533576594,0
0.032937049308127075,0.036303930044140446,3,0.07352282184239164,0
0.34632625219255503,0.42593446711340716,3,0.5283912681646502,0
0.16507503410641197,0.19966713642505413,4,0.32718776006657707,1
0.4574157084389008,0.5578277572410671,4,0.5990333525382499,0
0.2367959462093159,0.2845742367939575,4,0.4120734908136483,0
0.12200350808809197,0.1399710463771533,2,0.17418859227962358,1
0.03566556226856363,0.03527840079554582,1,0.07361884642468472,0
0.09101539660884818,0.10107416360182349,2,0.0637923308366942,1
0.05983239134671604,0.06454493965401244,0,0.05713462646437488,1
0.0941336971350614,0.10001922764548167,0,0.05975929838038538,1
0.08536347690508672,0.0871440542815145,3,0.09093527943153447,0
0.13291755992983822,0.14040986745238432,3,0.11148454004225081,0
0.061391541609822645,0.0594433202083825,2,0.0431150374495871,1
0.1485090625609043,0.15419402439424185,3,0.13174572690608796,1
0.0452153576300916,0.04052819696041583,4,0.05918315088662697,1
0.23036445137400113,0.23752715721092477,4,0.23967735740349527,0
0.1350613915416098,0.13828027468649995,0,0.10415466359388002,0
0.22997466380822448,0.23636398668792946,1,0.19633826259522436,0
0.19801208341453905,0.20282446057290987,2,0.1339222841047308,0
0.2461508477879555,0.2542677829394638,4,0.16964342871775173,0
0.15318651335022412,0.15939382877069652,0,0.14541322578580115,0
0.16195673358019877,0.17143897297517718,3,0.09570450035209013,0
0.23777041512375754,0.2551016100063698,0,0.1420523654055438,1
0.17988696160592474,0.19040392621576402,2,0.10127392612508801,0
0.03118300526213214,0.026761499981135646,2,0.039049996799180586,0
0.09160007795751315,0.09237588140565683,3,0.07601946098201139,1
0.23582147729487427,0.24589470566876187,4,0.12979322706612892,0
0.09315922822061977,0.09371742319558439,1,0.09839318865629601,0
0.042097057103878385,0.036790478929889445,3,0.04260290634402407,0
0.23640615864353923,0.2374968098384183,0,0.13020933358939887,0
0.0730851685831222,0.07215085732457309,4,0.06574483067665322,1
0.04989280841941142,0.0460204977140682,1,0.04087446386274886,0
0.04989280841941142,0.04798476604238655,0,0.1079956468856027,1
0.12726564022607678,0.13335243297508187,0,0.11506945778119197,1
0.48781913856947956,0.5244075798004486,2,0.2049804750016004,0
0.07055154940557397,0.07013093909446835,0,0.10546699955188528,1
0.024751510426817388,0.01965405084955283,1,0.014563728314448496,0
0.25648021828103684,0.2733322578532967,1,0.17873375584149542,0
0.12258818943675696,0.12582481241369314,3,0.07966839510914793,0
0.29857727538491524,0.3140000542344516,3,0.2142948594840279,0
0.03430130578834535,0.029823999488525578,0,0.02826323538825939,0
0.08107581368154355,0.08099860776374593,0,0.10108187696050189,0
0.1032937049308127,0.10495839769937308,0,0.1176301133090071,0
0.07211069966868057,0.06948549174165704,0,0.09362396773574035,0
0.15727928279087894,0.1614023201754745,1,0.1642340439152423,0
0.09881114792438121,0.09794465315687986,2,0.08520581268804814,0
0.251218086143052,0.25498855684550936,0,0.17188400230458997,0
0.10894562463457415,0.1060674093943212,1,0.13180974329428333,1
0.12336776456831026,0.12333589586285724,0,0.25126432366685875,1
0.07600857532644707,0.07259517453251307,1,0.1391716279367518,0
0.2798674722276359,0.28914400277741303,1,0.3460085781960182,0
0.15610992009354901,0.15354049393522662,4,0.32632353882593945,1
0.1613720522315338,0.1581620603748105,4,0.27050124831956984,0
0.16039758331709217,0.16142711955447053,1,0.38371423084309586,0
0.02748002338725394,0.020441362438367708,4,0.0669611420523654,0
0.0851685831221984,0.0808431947779861,0,0.07851610012163113,1
0.13369713506139153,0.12921026376883338,4,0.2501760450675373,1
0.39349054765152985,0.39373019137605375,4,0.38864349273413995,0
0.25609043071526016,0.25063077824714325,1,0.2687728058382946,0
0.03449619957123368,0.026579138967914674,4,0.04698802893540746,1
0.1457805496004677,0.13966099558567163,3,0.21589526918891236,1
0.021828103683492497,0.01313310742467759,3,0.049644709045515656,0
0.16916780354706684,0.1626062675365046,1,0.28183214903015175,0
0.030988111479243814,0.022374367071060476,2,0.07035401062672043,0
0.05866302864938608,0.050471918455390646,3,0.1636578964214839,1
0.0701617618397973,0.05980207450159797,0,0.20888547468151847,0
0.1894367569674527,0.17824284731615042,3,0.31348825299276617,1
0.16994737867862011,0.1582189869918374,3,0.3488252992766148,0
0.030403430130578838,0.01977995099375296,0,0.05223737276742846,0
0.19352952640810756,0.17480693300998107,2,0.30599833557390693,0
0.07581368154355876,0.06268032624137951,3,0.18532744382561936,1
0.08731241473396997,0.07326488279986958,4,0.23778887395173162,0
0.10076008575326446,0.08755646045825885,0,0.2782152230971129,0
0.10037029818748781,0.08649360462468415,2,0.30046091799500674,0
0.08536347690508672,0.07195877562723128,2,0.15664810191409,0
0.10465796141103098,0.0904396068595073,4,0.12972921067793355,0
0.13311245371272654,0.11826826743413445,1,0.12816080916714678,1
0.13701032937049307,0.12097380465936862,2,0.15488765123871712,1
0.058468134866497753,0.045650811771760946,3,0.07947634594456181,1
0.14675501851490935,0.1258676678360502,1,0.12115101465975289,0
0.08244007016176183,0.06607740994181331,4,0.04231483259714487,0
0.11420775677255897,0.09534362759376833,1,0.1575123231547276,0
0.08107581368154355,0.06473403472106123,4,0.16000896229434736,1
0.20678230364451372,0.18172674305397585,0,0.14141220152359002,0
0.14363671798869615,0.12349686014239299,1,0.1191024902375008,1
0.08536347690508672,0.07175586557304375,3,0.06097560975609756,0
0.1416877801598129,0.12604201480118488,3,0.16116125728186415,1
0.07659325667511206,0.06473609574143419,1,0.03300044811471736,0
0.14500097446891444,0.1310269512274278,1,0.15568785609115932,1
0.18826739427012273,0.17208867823547536,1,0.14496511106843352,0
0.11946988891054376,0.10466412013228148,3,0.08334933743038217,0
0.16059247709998048,0.14234886958666104,4,0.13817937391972343,1
0.17150652894172674,0.15079099680315466,4,0.0532616349785545,0
0.5601247320210485,0.5145099205597823,0,0.12118302285385057,0
0.13837458585071133,0.12464060257431868,0,0.1077395813328212,0
0.2594036250243617,0.2420532913106374,1,0.14256449651110684,1
0.14811927499512764,0.13415099892998383,4,0.13990781640099864,1
0.14071331124537126,0.12547228913502428,0,0.12825683374943986,1
0.04268173845254336,0.03129854712995272,1,0.02320594072082453,0
0.25959851880725004,0.24463175930433945,4,0.15018244670635683,0
0.27265640226076787,0.25447517835373085,4,0.18331092759746495,0
0.13389202884427984,0.12007113633234735,3,0.13113757121823186,1
0.1054375365425843,0.09287631191741663,4,0.0317201203508098,1
0.095692847398168,0.08407017909716297,0,0.10581908968695986,1
0.11420775677255897,0.10176933172169149,1,0.0879265091863517,0
0.14889885012668094,0.13279986362726187,2,0.1654183470968568,0
0.1524069382186708,0.13575245059309726,3,0.08459765700019205,1
0.1116741375950107,0.09512633288113108,0,0.08507777991165738,1
0.2367959462093159,0.2069537814881201,4,0.1545995774918379,0
0.058468134866497753,0.043960433882204025,1,0.0853018372703412,0
0.3796530890664588,0.3311042397227882,0,0.17594904295499647,0
0.12044435782498537,0.09450454526324893,0,0.12351962102298189,1
0.09686221009549795,0.07324841619357167,3,0.12003072786633379,1
0.09939582927304619,0.07470215530781113,3,0.05479802829524358,0
0.09822646657571624,0.07322860154408622,3,0.11052429421932014,0
0.1108945624634574,0.08510828250837171,4,0.10095384418411113,0
0.18846228805301107,0.15148605599789028,0,0.10024966391396196,0
0.1440265055544728,0.11276208794255758,0,0.14041994750656167,0
0.12258818943675696,0.09470742539491553,0,0.1482299468663978,1
0.07289027480023387,0.05317669197547023,3,0.11126048268356699,0
0.3358019879165855,0.289344109618619,4,0.19025670571666345,1
0.25725979341259014,0.21483135605852455,1,0.108891876320338,1
0.08828688364841161,0.06584530094641303,1,0.11753408872671403,0
0.15299161956733578,0.12229632765157901,2,0.09151142692529286,0
0.17540440459949325,0.14236295315494363,1,0.0899430254145061,1
0.14129799259403622,0.11191889611932714,2,0.11766212150310479,0
0.3997271487039563,0.33141069343851426,3,0.14531720120350808,0
0.15805885792243227,0.12293254568042626,4,0.0876064272453748,0
0.19586825180276746,0.15308350921146924,1,0.1132769989117214,1
0.07581368154355876,0.05180670691139501,2,0.08139683759042314,0
0.3615279672578445,0.29040126619865886,2,0.1400998655655848,0
0.08049113233287858,0.05529039195340664,3,0.086454132257858,0
0.12102903917365036,0.08999086719206152,0,0.11689392484476024,0
0.20152017150652893,0.15817175747034412,1,0.11282888419435375,1
0.21594231144026502,0.1670081787760373,4,0.11404519557006593,1
0.14227246150847786,0.1054419872243574,4,0.10879585173804493,0
0.24010914051841745,0.1847862528973846,0,0.12367966199347033,1
0.13135840966673162,0.09473542750179609,1,0.07390692017156392,1
0.08555837068797505,0.057642232632974535,1,0.07649958389347672,0
0.3091015396608848,0.24769524922769331,0,0.10060175404903654,0
0.49132722666146944,0.39998966339830827,2,0.13389027591063313,1
0.5764958097836679,0.46543841538456227,2,0.15120670891748286,0
0.49580978366790096,0.392822191400098,3,0.12998527623071507,0
0.7248099785616838,0.5732982184061278,3,0.14272453748159528,1
0.18963165075034102,0.13801732632645813,0,0.14285257025798603,1
0.08380432664198012,0.05379968714971366,0,0.12431982587542409,0
0.16371077762619368,0.11340087144367818,2,0.14368478330452594,0
0.43110504774897673,0.3127780658690039,0,0.13584277575059214,1
0.1752095108166049,0.11854830625786834,0,0.12339158824659113,1
0.3595790294289612,0.2629586218441708,2,0.13296203828180014,0
0.2683687390372247,0.19301212671673218,4,0.06824146981627296,0
0.2923406743324888,0.20925002038652163,0,0.1388835541898726,0
0.328980705515494,0.23871280199156042,1,0.12323154727610267,0
0.3693237185733775,0.27383884472250264,0,0.12233531784136739,1
0.5038004287663224,0.3750959250072595,0,0.13731515267908584,0
1.0,0.7405500875611546,1,0.1531912169515396,0
0.45176378873513934,0.32601676686981246,2,0.11814224441457014,0
0.5784447476125512,0.41905640385311427,3,0.1368350297676205,0
0.3248879360748392,0.23604843097366962,4,0.08565392740541578,0
0.08341453907620347,0.05247062037148861,2,0.04471544715447154,0
0.27304618982654455,0.20642205908690647,3,0.1135650726586006,1
0.28240109140518416,0.21087584771271056,3,0.13603482491517827,1
0.24751510426817383,0.17716695762850443,2,0.14621343063824338,1
0.2878581173260573,0.21024475612098886,3,0.13705908712630432,1
0.3500292340674332,0.2558824875424121,3,0.17073170731707316,0
0.22061976222958485,0.15618092225349312,3,0.1473337174316625,0
0.4028454492301695,0.29378945190655364,0,0.1258242109980155,1
0.15435587604755405,0.10401333921366672,2,0.06836950259266372,1
0.24322744104463065,0.1707031385644895,3,0.09179950067217207,0
0.24985382966283373,0.17414103569612754,4,0.07089814992638115,1
0.3018904696940167,0.21028663197784003,4,0.12351962102298189,0
0.2445916975248489,0.1700450851841384,1,0.12588822738621086,0
0.2202299746638082,0.1521513112182079,2,0.10124191793099033,0
0.1463652309491327,0.09870789050125255,2,0.1004417130785481,0
0.10894562463457415,0.07038519341077268,3,0.10966007297868254,0
0.1457805496004677,0.09967090994605869,0,0.09682478714550924,1
0.20405379068407714,0.1441103741124794,0,0.09951347544971512,1
0.1607873708828688,0.1095278834245181,1,0.11772613789130015,1
0.1592282206197622,0.1082479223407725,2,0.09218359900134433,1
0.14363671798869615,0.09609504318339543,2,0.10095384418411113,1
0.08205028259598518,0.04947836161640949,4,0.04727610268228666,0
0.22783083219645292,0.1631101213968637,2,0.11452531848153126,1
0.23484700838043263,0.16763170875787026,2,0.13961974265411944,0
0.1243422334827519,0.08170163423101835,4,0.10825171243838422,1
0.23660105242642757,0.1656934509187381,0,0.13574675116829907,0
0.13057883453517832,0.08584929203028271,1,0.08290122271301452,0
0.16000779575131552,0.10912841726693627,2,0.09362396773574035,0
0.30871175209510815,0.22281308854398835,3,0.1680110108187696,0
0.18514909374390953,0.12649159143631888,0,0.11020421227834325,1
0.08166049503020853,0.047973790299886104,1,0.09807310671531912,1
0.30988111479243813,0.2183678633065611,1,0.14874207797196082,1
0.14110309881114788,0.09137434255186007,2,0.1068753600921836,0
0.1510426817384525,0.10369707454726936,2,0.08664618142244414,0
0.12258818943675696,0.08243834300697149,2,0.08424556686511746,1
0.16059247709998048,0.11133159418894097,4,0.09717687728058383,1
0.9156109920093549,0.6846091170044829,4,0.1455412585621919,0
0.10719158058857922,0.06795020666186574,4,0.0652326995710902,0
0.10816604950302085,0.06876254049136389,0,0.08395749311823826,0
0.2352367959462093,0.164603458844171,0,0.10489085205812687,1
0.052621321379847985,0.026415166108053646,0,0.08203700147237693,1
0.31416877801598125,0.22458207071208686,1,0.1147173676461174,1
0.2430325472617423,0.1687607734289822,3,0.11711798220344408,0
0.1502631066068992,0.10082398962330162,2,0.10853978618526341,1
0.1077762619372442,0.06887174351264454,4,0.09336790218295883,0
0.20522315338140712,0.14252492158152918,0,0.08085269829076243,0
0.7910738647437147,0.5839449236781346,4,0.1624735932398694,0
0.11771584486454882,0.0749568965482359,3,0.11939056398438,1
0.21243422334827516,0.14381145255338917,4,0.17399654311503746,1
0.5573962190606119,0.3940677212941565,0,0.16810703540106267,0
0.18495419996102122,0.117175361143688,0,0.11481339222841047,1
0.2504385110114987,0.16134780215599198,2,0.1184943345496447,0
0.11440265055544728,0.06576895047310313,2,0.09330388579476345,1
0.19723250828298575,0.12321237364910458,2,0.10693937648037898,0
0.34827519002143825,0.22675688274425188,0,0.14512515203892196,0
0.18495419996102122,0.11347270257529017,1,0.11759810511490942,0
0.22510231923601634,0.14090210018463062,1,0.12979322706612892,0
0.25219255505749366,0.1603479710497619,2,0.12595224377440625,0
0.45293315143246926,0.3011923667959327,3,0.15965687215927277,0
0.20249464042097054,0.12590752361197904,4,0.11462134306382434,1
0.0964724225297213,0.05234099885369875,4,0.11020421227834325,1
0.08497368933931009,0.04425254739600912,0,0.1155495806926573,1
0.1771584486454882,0.10591818675739499,0,0.13405031688112157,1
0.41414928863769246,0.2649921593155291,1,0.127520645285193,0
0.15825375170532058,0.09192445240732908,4,0.13417834965751232,0
0.23952445916975243,0.14725343892996356,0,0.11631777735100185,1
0.23952445916975243,0.14504919455951037,0,0.14342871775174443,1
0.21535763009160006,0.12895707863105665,0,0.1385954804429934,1
0.38939777821087507,0.24087109821791192,2,0.13725113629089047,0
0.33424283765347884,0.20670175156457532,3,0.14861404519557006,1
0.3434028454492301,0.20832557921440376,0,0.13616285769156902,1
0.2215942311440265,0.12487564215862078,2,0.13792330836694194,1
0.3003313194309102,0.1765480596732314,4,0.10991613853146405,0
0.8014032352367959,0.48963707492144604,0,0.1743806414442097,0
0.3773143636717989,0.2163590591999458,1,0.1813904359516036,0
0.28980705515494054,0.16004712461046433,2,0.1496062992125984,0
0.4578054960046774,0.27297043626290723,0,0.16484219960309837,0
0.5219255505749366,0.32251534896898393,1,0.17902182958837462,1
0.6408107581368154,0.3965072781781058,2,0.1347865053453684,1
0.5004872344572208,0.3035287133296297,2,0.1554958069265732,1
0.3258624049892808,0.1913672675541514,2,0.16122527367005954,0
0.3073474956148899,0.18176353608154866,3,0.1456052749503873,1
0.6729682323133891,0.4141138861474588,3,0.16586646181422443,0
