candle_size,target
0.034544069088138174,0
0.19558039116078235,0
0.044450088900177806,1
0.04343408686817374,0
0.12344424688849379,0
0.08864617729235459,0
0.05562611125222251,0
0.012446024892049785,0
0.12573025146050293,1
0.03657607315214631,0
0.0713741427482855,0
0.04495808991617985,0
0.029972059944119892,0
0.06299212598425198,0
0.04495808991617985,0
0.028448056896113797,1
0.07975615951231904,0
0.05003810007620016,0
0.04953009906019812,1
0.03352806705613412,0
0.0650241300482601,0
0.05842011684023368,1
0.0777241554483109,0
0.03606807213614428,0
0.04978409956819914,0
0.02565405130810262,0
0.11328422656845313,0
0.08001016002032005,1
0.06299212598425198,0
0.06756413512827025,1
0.07594615189230379,0
0.030226060452120913,0
0.03987807975615952,1
0.1285242570485141,0
0.07645415290830582,0
0.07899415798831598,1
0.10871221742443486,0
0.04749809499619001,1
0.02184404368808738,0
0.1346202692405385,0
0.12776225552451106,0
0.08255016510033021,1
0.04038608077216155,1
0.03759207518415038,1
0.05664211328422658,0
0.05842011684023368,0
0.07264414528829058,0
0.032258064516129045,1
0.06146812293624587,0
0.040894081788163575,0
0.022098044196088396,1
0.04648209296418594,1
0.013716027432054866,0
0.044704089408178826,0
0.040894081788163575,0
0.09728219456438914,1
0.035052070104140215,0
0.10414020828041658,0
0.08153416306832614,0
0.04038608077216155,0
0.1709423418846838,1
0.14986029972059944,0
0.10871221742443486,0
0.059182118364236744,1
0.1833883667767336,0
0.025146050292100593,1
0.06400812801625604,0
0.12319024638049278,0
0.08813817627635255,0
0.07315214630429262,0
0.15595631191262385,0
0.12471424942849887,1
0.08585217170434342,0
0.021590043180086362,1
0.09956819913639828,0
0.15494030988061977,0
0.1046482092964186,1
0.1285242570485141,0
0.06604013208026417,0
0.06832613665227331,0
0.048514097028194064,0
0.04368808737617476,1
0.024130048260096525,0
0.045466090932181874,0
0.03098806197612396,0
0.04216408432816866,0
0.056388112776225546,0
0.04775209550419102,0
0.041148082296164595,0
0.05207010414020828,0
0.06477012954025908,0
0.05130810261620525,0
0.047244094488188976,0
0.06756413512827025,0
0.05029210058420118,0
0.0378460756921514,0
0.05308610617221235,0
0.12903225806451613,1
0.07467614935229872,1
0.011176022352044707,0
0.02895605791211583,1
0.03657607315214631,1
0.04648209296418594,0
0.0601981203962408,0
0.05105410210820423,0
0.047244094488188976,1
0.04191008382016764,0
0.012954025908051819,0
0.10007620015240032,0
0.03886207772415545,0
0.03911607823215647,0
0.07670815341630684,0
0.25577851155702314,1
0.24511049022098047,0
0.06375412750825502,0
0.13512827025654053,0
0.10541021082042165,0
0.2895605791211583,0
0.11201422402844806,0
0.04953009906019812,0
0.02895605791211583,0
0.03657607315214631,1
0.17678435356870714,0
0.14122428244856491,0
0.10972821945643892,0
0.07670815341630684,0
0.02438404876809754,0
0.026162052324104648,1
0.0396240792481585,1
0.1140462280924562,0
0.04953009906019812,0
0.15951231902463806,1
0.11760223520447044,0
0.284734569469139,1
0.044450088900177806,1
0.09220218440436882,0
0.05689611379222759,0
0.06045212090424182,1
0.041656083312166636,1
0.07543815087630175,0
0.044704089408178826,0
0.1203962407924816,0
0.09474218948437899,0
0.10439420878841758,0
0.190246380492761,0
0.05943611887223775,1
0.05588011176022352,0
0.12014224028448059,0
0.03911607823215647,0
0.033782067564135126,1
0.04927609855219711,0
0.05410210820421642,1
0.10642621285242572,1
0.08102616205232412,0
0.1315722631445263,0
0.602235204470409,0
0.14630429260858524,0
0.031242062484124974,0
0.02895605791211583,0
0.07467614935229872,0
0.018542037084074172,1
0.08128016256032512,0
0.05537211074422149,1
0.03073406146812294,1
0.04622809245618492,0
0.06172212344424689,0
0.048768097536195085,0
0.0332740665481331,0
0.13487426974853953,1
0.08204216408432818,0
0.02743205486410973,0
0.07569215138430278,1
0.07899415798831598,1
0.1300482600965202,1
0.044450088900177806,1
0.0919481838963678,1
0.14020828041656086,0
0.022860045720091444,0
0.05892811785623571,1
0.07340614681229364,0
0.07010414020828042,1
0.05689611379222759,0
0.07188214376428755,0
0.06400812801625604,0
0.06527813055626111,0
0.04292608585217171,0
0.0713741427482855,0
0.13360426720853444,1
0.03606807213614428,0
0.07162814325628651,1
0.1965963931927864,0
0.02590805181610364,0
0.3030226060452121,1
0.04216408432816866,0
0.09728219456438914,0
0.22072644145288292,1
0.08915417830835662,0
0.047244094488188976,0
0.07010414020828042,0
0.051816103632207275,1
0.11785623571247145,0
0.09804419608839218,1
0.03606807213614428,0
0.02463804927609856,1
0.015494030988061978,1
0.09296418592837186,1
0.09296418592837186,1
0.0840741681483363,0
0.017780035560071124,0
0.045466090932181874,0
0.03606807213614428,0
0.05410210820421642,1
0.14808229616459234,0
0.009144018288036578,1
0.031750063500127004,0
0.013716027432054866,0
0.06375412750825502,1
0.01803403606807214,0
0.013970027940055883,0
0.04318008636017272,0
0.04749809499619001,0
0.021590043180086362,0
0.029210058420116845,0
0.05842011684023368,1
0.23876047752095508,1
0.0538481076962154,1
0.08610617221234444,0
0.013208026416052836,0
0.04622809245618492,0
0.10058420116840233,0
0.0982981965963932,1
0.03937007874015748,0
0.03276606553213107,0
0.0142240284480569,0
0.03581407162814326,0
0.06121412242824485,1
0.1125222250444501,0
0.017018034036068077,0
0.13690627381254764,1
0.12674625349250698,1
0.08509017018034037,0
0.07112014224028448,0
0.029210058420116845,1
0.05689611379222759,0
0.08737617475234952,1
0.04673609347218695,1
0.06223012446024892,0
0.06832613665227331,0
0.37820675641351287,0
0.05080010160020321,1
0.04572009144018288,0
0.20370840741681484,0
0.058166116332232676,1
0.029464058928117858,0
0.2570485140970282,1
0.158750317500635,0
0.008128016256032516,0
0.02565405130810262,0
0.08255016510033021,1
0.0396240792481585,0
0.03683007366014733,0
0.02032004064008128,0
0.013716027432054866,0
0.025400050800101607,0
0.19253238506477013,0
0.0601981203962408,0
0.015240030480060961,1
0.03556007112014224,1
0.034544069088138174,0
0.01473202946405893,0
0.023368046736093478,0
0.04927609855219711,0
0.03429006858013717,0
0.04191008382016764,0
0.06451612903225808,0
0.024130048260096525,1
0.06146812293624587,0
0.041402082804165616,1
0.07416814833629667,0
0.011938023876047754,0
0.012700025400050802,0
0.02108204216408433,0
0.04902209804419609,0
0.1569723139446279,1
0.2628905257810516,0
0.012192024384048768,0
0.034544069088138174,0
0.01727203454406909,0
0.017018034036068077,0
0.05537211074422149,0
0.015748031496062995,0
0.02108204216408433,0
0.023114046228092457,0
0.027940055880111763,1
0.026924053848107695,0
0.029210058420116845,0
0.04495808991617985,0
0.17043434086868176,0
0.012954025908051819,0
0.02768605537211075,0
0.025400050800101607,0
0.11074422148844298,1
0.07518415036830074,0
0.06756413512827025,0
0.1079502159004318,1
0.03657607315214631,1
0.02667005334010668,0
0.009906019812039625,0
0.019558039116078237,1
0.0396240792481585,1
0.1572263144526289,1
0.10185420370840743,0
0.048260096520193044,0
0.07188214376428755,0
0.03606807213614428,0
0.010668021336042676,0
0.048768097536195085,1
0.029210058420116845,1
0.0005080010160020323,0
0.030226060452120913,0
0.051562103124206254,0
0.029464058928117858,1
0.1963423926847854,1
0.034544069088138174,0
0.04292608585217171,0
0.08585217170434342,1
0.07416814833629667,0
0.044704089408178826,1
0.011938023876047754,0
0.047244094488188976,0
0.04978409956819914,0
0.011176022352044707,0
0.04318008636017272,0
0.08356616713233428,1
0.06045212090424182,1
0.05410210820421642,0
0.09474218948437899,0
0.013208026416052836,1
0.020066040132080264,1
0.05511811023622047,1
0.07366014732029465,1
0.033782067564135126,0
0.044196088392176786,1
0.03581407162814326,0
0.01727203454406909,0
0.05892811785623571,0
0.017018034036068077,1
0.04902209804419609,0
0.02184404368808738,0
0.06451612903225808,1
0.015240030480060961,1
0.04800609601219204,0
0.032004064008128025,0
0.07670815341630684,0
0.021590043180086362,0
0.01346202692405385,0
0.035052070104140215,0
0.047244094488188976,0
0.041148082296164595,1
0.017526035052070107,1
0.07086614173228348,0
0.035052070104140215,0
0.06731013462026925,0
0.02260604521209043,1
0.019304038608077223,0
0.02438404876809754,1
0.05080010160020321,0
0.011176022352044707,0
0.04191008382016764,1
0.07086614173228348,1
0.10896621793243587,1
0.017018034036068077,1
0.04292608585217171,0
0.07975615951231904,1
0.015748031496062995,1
0.041148082296164595,0
0.013208026416052836,0
0.05664211328422658,1
0.03911607823215647,0
0.025400050800101607,0
0.03708407416814834,0
0.10896621793243587,0
0.01092202184404369,0
0.009652019304038608,0
0.04495808991617985,0
0.026924053848107695,1
0.02108204216408433,0
0.031242062484124974,0
0.0,0
0.026162052324104648,0
0.031750063500127004,0
0.12725425450850905,0
0.04495808991617985,0
0.16459232918465838,0
0.02032004064008128,0
0.02362204724409449,0
0.01168402336804674,1
0.06045212090424182,0
0.048514097028194064,0
0.023114046228092457,0
0.10490220980441962,0
0.06731013462026925,0
0.0650241300482601,0
0.010160020320040642,0
0.04495808991617985,0
0.026924053848107695,1
0.006858013716027435,0
0.03581407162814326,0
0.015240030480060961,0
0.03632207264414529,0
0.03352806705613412,0
0.017780035560071124,0
0.01803403606807214,0
0.0378460756921514,0
0.01981203962407925,0
0.19456438912877827,0
0.05969011938023877,0
0.02032004064008128,1
0.023876047752095512,0
0.020574041148082298,0
0.008636017272034544,0
0.07569215138430278,0
0.026162052324104648,1
0.009652019304038608,0
0.027178054356108716,0
0.006604013208026418,1
0.01600203200406401,0
0.040894081788163575,0
0.04953009906019812,0
0.010668021336042676,0
0.01879603759207519,0
0.05105410210820423,0
0.04343408686817374,0
0.11988823977647958,0
0.05130810261620525,0
0.07112014224028448,0
0.05715011430022861,0
0.02184404368808738,0
0.09017018034036069,1
0.09779019558039118,0
0.040894081788163575,0
0.1968503937007874,0
0.031496062992126,0
0.050546101092202186,0
0.02590805181610364,0
0.09575819151638304,0
0.03911607823215647,1
0.010668021336042676,0
0.0523241046482093,1
0.02260604521209043,0
0.10947421894843791,0
0.12471424942849887,0
0.08991617983235968,0
0.07747015494030988,0
0.048514097028194064,0
0.06350012700025401,0
0.029210058420116845,0
0.03683007366014733,1
0.07747015494030988,0
0.03429006858013717,0
0.007112014224028448,0
0.048260096520193044,0
0.034798069596139194,0
0.026416052832105668,1
0.01168402336804674,1
0.06858013716027432,1
0.13995427990855985,1
0.07264414528829058,0
0.08610617221234444,0
0.050546101092202186,1
0.018542037084074172,1
0.05969011938023877,0
0.06172212344424689,0
0.23520447040894082,0
0.06477012954025908,1
0.017526035052070107,0
0.04953009906019812,0
0.04267208534417069,1
0.10744221488442979,1
0.09880619761239524,0
0.14198628397256796,1
0.19710439420878842,0
0.07797815595631191,1
0.034544069088138174,1
0.06553213106426214,0
0.0998221996443993,0
0.11455422910845824,1
0.06705613411226824,1
0.0665481330962662,0
0.002032004064008129,1
0.05257810515621032,0
0.03073406146812294,1
0.04648209296418594,1
0.11633223266446532,0
0.1488442976885954,1
0.05080010160020321,0
0.032258064516129045,0
0.06223012446024892,0
0.04013208026416053,0
0.11049022098044198,0
0.019050038100076206,1
0.034544069088138174,0
0.03683007366014733,1
0.030226060452120913,1
0.09093218186436375,0
0.051816103632207275,0
0.041148082296164595,0
0.37134874269748547,0
0.02565405130810262,0
0.02971805943611888,1
0.08331216662433326,0
0.03911607823215647,0
0.07493014986029972,0
0.044196088392176786,0
0.14782829565659134,0
0.03276606553213107,0
0.0586741173482347,0
0.05130810261620525,0
0.03606807213614428,0
0.04267208534417069,1
0.044704089408178826,0
0.06578613157226315,1
0.02463804927609856,0
0.0459740919481839,0
0.057658115316230635,0
0.02108204216408433,0
0.2029464058928118,1
0.05334010668021337,0
0.03251206502413005,1
0.041656083312166636,1
0.1297942595885192,0
0.09169418338836678,0
0.058166116332232676,0
0.04648209296418594,0
0.03556007112014224,0
0.03937007874015748,0
0.0934721869443739,1
0.3058166116332233,0
0.05537211074422149,1
0.06604013208026417,0
0.03581407162814326,0
0.031242062484124974,0
0.021336042672085345,0
0.026924053848107695,0
0.05537211074422149,0
0.034798069596139194,0
0.03632207264414529,0
0.057404114808229614,0
0.04318008636017272,1
0.027940055880111763,0
0.02870205740411481,0
0.04800609601219204,0
0.05892811785623571,0
0.01803403606807214,1
0.07264414528829058,0
0.07696215392430786,0
0.09956819913639828,0
0.09067818135636271,0
0.019050038100076206,0
0.11277622555245112,1
0.02667005334010668,0
0.021336042672085345,0
0.057912115824231655,0
0.05842011684023368,0
0.10083820167640337,1
0.016256032512065026,0
0.04394208788417578,1
0.01473202946405893,0
0.10947421894843791,0
0.031750063500127004,0
0.5806451612903227,0
0.13538227076454154,1
0.11277622555245112,0
0.25298450596901195,0
0.08509017018034037,0
0.02565405130810262,1
0.06045212090424182,0
0.05359410718821438,1
0.03581407162814326,1
0.25044450088900183,0
0.0538481076962154,0
0.07264414528829058,0
0.13030226060452124,0
0.042418084836169684,0
0.04648209296418594,1
0.02463804927609856,0
0.07188214376428755,1
0.04013208026416053,1
0.1125222250444501,0
0.04775209550419102,0
0.19735839471678943,0
0.07188214376428755,1
0.15265430530861065,0
0.02895605791211583,0
0.12903225806451613,0
0.10185420370840743,1
0.03429006858013717,0
0.04368808737617476,1
0.044450088900177806,0
0.03733807467614936,1
0.042418084836169684,0
0.07975615951231904,0
0.09321818643637288,0
0.07112014224028448,0
0.07416814833629667,1
0.0982981965963932,1
0.07264414528829058,1
0.11684023368046736,0
0.24688849377698757,1
0.20091440182880368,0
0.10591821183642368,0
0.1551943103886208,0
0.061976123952247913,0
0.0586741173482347,0
0.05257810515621032,0
0.14173228346456693,0
0.14046228092456187,0
0.06553213106426214,1
0.05588011176022352,0
0.01879603759207519,1
0.06858013716027432,0
0.02590805181610364,0
0.03073406146812294,1
0.0586741173482347,0
0.03429006858013717,0
0.057912115824231655,0
0.02032004064008128,0
0.316484632969266,0
0.022860045720091444,0
0.07061214122428246,0
0.23088646177292357,1
0.20650241300482605,1
0.057658115316230635,0
0.18465836931673865,1
0.05207010414020828,0
0.02870205740411481,0
0.10439420878841758,1
0.05435610871221744,1
0.05308610617221235,1
0.044196088392176786,0
0.05943611887223775,1
0.050546101092202186,0
0.061976123952247913,1
0.11226822453644908,0
0.04013208026416053,1
0.06324612649225299,0
0.029972059944119892,0
0.05562611125222251,0
0.051816103632207275,1
0.031750063500127004,0
0.06273812547625095,1
0.04648209296418594,0
0.013716027432054866,0
0.02260604521209043,0
0.059182118364236744,0
0.02184404368808738,1
0.03683007366014733,0
0.05537211074422149,0
0.01803403606807214,0
0.04394208788417578,1
0.02971805943611888,0
0.017018034036068077,0
0.16230632461264924,1
0.13436626873253746,1
0.0523241046482093,1
0.016256032512065026,0
0.06223012446024892,0
0.051562103124206254,1
0.08534417068834138,1
0.13411226822453645,1
0.045212090424180854,1
0.027178054356108716,0
0.07416814833629667,0
0.11684023368046736,0
0.03098806197612396,0
0.05511811023622047,1
0.11912623825247651,1
0.045466090932181874,0
0.08686817373634748,1
0.23266446532893068,0
0.042418084836169684,0
0.09296418592837186,1
0.07188214376428755,1
0.10718821437642877,0
0.1140462280924562,0
0.10236220472440946,0
0.03581407162814326,0
0.05080010160020321,0
0.06375412750825502,0
0.08001016002032005,0
0.10820421640843284,0
0.06223012446024892,1
0.022098044196088396,0
0.13690627381254764,0
0.04013208026416053,0
0.06985013970027941,0
0.07162814325628651,1
0.09398018796037592,0
0.06223012446024892,0
0.17653035306070614,1
0.08280416560833122,0
0.07086614173228348,0
0.25577851155702314,1
0.13868427736855474,0
0.05588011176022352,1
0.11176022352044705,1
0.11150622301244605,1
0.0538481076962154,0
0.1297942595885192,1
0.07035814071628144,1
0.1445262890525781,0
0.13563627127254257,1
0.16941833883667767,0
0.4183388366776734,0
0.3098806197612396,1
0.25247650495300994,1
0.1315722631445263,1
0.13563627127254257,0
0.06756413512827025,0
0.21793243586487174,0
0.12014224028448059,0
0.17526035052070105,1
0.110998221996444,1
0.10642621285242572,0
0.12166624333248666,0
0.09855219710439422,0
0.06756413512827025,0
0.07340614681229364,0
0.0713741427482855,0
0.08737617475234952,0
0.1361442722885446,0
0.042418084836169684,0
0.05283210566421134,0
0.04648209296418594,0
0.05308610617221235,1
0.19354838709677422,0
0.2646685293370587,1
0.10388620777241557,1
0.03886207772415545,0
0.05435610871221744,1
0.06451612903225808,0
0.06705613411226824,0
0.05080010160020321,0
0.050546101092202186,0
0.1140462280924562,1
0.0650241300482601,1
0.0680721361442723,1
0.02971805943611888,0
0.04343408686817374,0
0.07467614935229872,0
0.02438404876809754,0
0.07467614935229872,0
0.022098044196088396,0
0.061976123952247913,1
0.05435610871221744,0
0.0871221742443485,0
0.06451612903225808,0
0.020574041148082298,0
0.048768097536195085,0
0.09067818135636271,0
0.02895605791211583,0
0.024130048260096525,0
0.23545847091694183,1
0.13106426212852426,0
0.08026416052832105,0
0.12166624333248666,1
0.21996443992887987,0
0.1315722631445263,0
0.04648209296418594,0
0.12725425450850905,0
0.030226060452120913,1
0.13131826263652527,1
0.06680213360426722,1
0.06045212090424182,1
0.09372618745237492,0
0.13055626111252225,0
0.048260096520193044,0
0.013208026416052836,0
0.1455422910845822,0
0.07645415290830582,0
0.04495808991617985,0
0.06908813817627635,0
0.24815849631699266,0
0.08788417576835154,0
0.061976123952247913,1
0.04648209296418594,0
0.15417830835661672,1
0.048514097028194064,0
0.12319024638049278,0
0.23164846329692665,0
0.06451612903225808,1
0.030480060960121926,0
0.03302006604013208,0
0.0728981457962916,0
0.05080010160020321,0
0.0840741681483363,0
0.08966217932435866,1
0.2011684023368047,1
0.06299212598425198,1
0.060960121920243845,1
0.0396240792481585,0
0.03937007874015748,0
0.10414020828041658,1
0.0713741427482855,0
0.07366014732029465,1
0.0713741427482855,1
0.16535433070866146,0
0.05410210820421642,0
0.035306070612141235,0
0.07416814833629667,0
0.04699009398018797,1
0.2611125222250445,0
0.009398018796037595,0
0.06426212852425706,0
0.03886207772415545,0
0.038100076200152405,1
0.10083820167640337,1
0.029972059944119892,0
0.05105410210820423,1
0.03073406146812294,0
0.041402082804165616,0
0.1206502413004826,0
0.1457962915925832,0
0.16586233172466347,0
0.035306070612141235,1
0.026416052832105668,1
0.0586741173482347,1
0.045212090424180854,1
0.04775209550419102,1
0.08534417068834138,0
0.04368808737617476,1
0.1960883921767844,0
0.1445262890525781,0
0.1282702565405131,0
0.1170942341884684,0
0.02108204216408433,1
0.031242062484124974,1
0.05613411226822454,0
0.07823215646431295,0
0.04927609855219711,0
0.011938023876047754,1
0.06832613665227331,1
0.06705613411226824,0
0.04673609347218695,1
0.11353822707645417,0
0.031496062992126,0
0.08585217170434342,1
0.038354076708153426,1
0.030480060960121926,1
0.08331216662433326,0
0.0728981457962916,0
0.4706629413258827,0
0.2029464058928118,0
0.04775209550419102,0
0.08636017272034545,0
0.04495808991617985,1
0.04800609601219204,0
0.03251206502413005,0
0.05969011938023877,0
0.04927609855219711,1
0.08737617475234952,0
0.2016764033528067,0
0.06223012446024892,0
0.0650241300482601,0
0.0744221488442977,1
0.041402082804165616,0
0.10718821437642877,1
0.13563627127254257,1
0.0840741681483363,0
0.07188214376428755,0
0.07848615697231395,0
0.09220218440436882,0
0.1409702819405639,0
0.06400812801625604,0
0.05105410210820423,1
0.1300482600965202,0
0.03429006858013717,0
0.06705613411226824,0
0.03886207772415545,0
0.16738633477266956,0
0.07035814071628144,0
0.11226822453644908,0
0.11480822961645924,0
0.12750825501651006,0
0.14224028448056897,1
0.04648209296418594,0
0.19507239014478028,1
0.2103124206248413,0
0.06400812801625604,0
0.1315722631445263,0
0.07950215900431802,0
0.18897637795275593,1
0.057658115316230635,0
0.041402082804165616,0
0.07416814833629667,0
0.095250190500381,0
0.18770637541275084,0
0.12141224282448565,1
0.43789687579375164,1
0.12547625095250192,1
0.12192024384048769,1
0.09067818135636271,1
0.06629413258826518,0
0.0982981965963932,0
0.12573025146050293,0
0.06527813055626111,0
0.03708407416814834,0
0.14859029718059438,1
0.08890017780035561,1
0.1630683261366523,0
0.05943611887223775,0
0.05105410210820423,0
0.11506223012446026,1
0.04622809245618492,1
0.09448818897637797,0
0.03733807467614936,0
0.35026670053340114,0
0.10312420624841251,1
0.11836423672847346,1
0.13893827787655577,1
0.09093218186436375,1
0.14249428498857,0
0.06477012954025908,0
0.06146812293624587,0
0.18161036322072646,1
0.2042164084328169,1
0.0744221488442977,0
0.041656083312166636,0
0.13411226822453645,0
0.1569723139446279,0
0.05207010414020828,0
0.011176022352044707,0
0.08255016510033021,0
0.05969011938023877,1
0.05892811785623571,0
0.49098298196596396,0
0.16992633985267971,0
0.09118618237236475,1
0.05537211074422149,1
0.057912115824231655,0
0.044196088392176786,0
0.08915417830835662,1
0.06705613411226824,1
0.05410210820421642,1
0.07848615697231395,1
0.11658623317246636,0
0.04495808991617985,0
0.03657607315214631,1
0.0934721869443739,0
0.029210058420116845,1
0.1046482092964186,1
0.07493014986029972,1
0.0650241300482601,1
0.02870205740411481,0
0.05130810261620525,0
0.08839217678435358,0
0.0650241300482601,0
0.018288036576073155,0
0.05410210820421642,0
0.06578613157226315,0
0.030226060452120913,0
0.030226060452120913,0
0.11277622555245112,1
0.10312420624841251,0
0.05943611887223775,1
0.09855219710439422,0
0.06705613411226824,1
0.07645415290830582,0
0.0523241046482093,0
0.11531623063246127,0
0.17780035560071122,0
0.08966217932435866,1
0.05080010160020321,1
0.06553213106426214,0
0.06832613665227331,1
0.1143002286004572,0
0.07315214630429262,0
0.2839725679451359,0
0.012700025400050802,0
0.07188214376428755,0
0.05588011176022352,1
0.04953009906019812,1
0.05537211074422149,0
0.19913639827279656,0
0.13385826771653545,0
0.048514097028194064,0
0.051562103124206254,1
0.04673609347218695,0
0.10083820167640337,0
0.06045212090424182,0
0.05003810007620016,0
0.2136144272288545,0
0.16662433324866652,0
0.0332740665481331,0
0.07035814071628144,1
0.12395224790449583,0
0.041402082804165616,0
0.17322834645669294,0
0.05435610871221744,0
0.06578613157226315,0
0.08229616459232919,0
0.06883413766827534,1
0.02590805181610364,0
0.253238506477013,0
0.06705613411226824,0
0.05435610871221744,0
0.08128016256032512,0
0.06553213106426214,1
0.12090424180848364,0
0.1678943357886716,0
0.06324612649225299,0
0.024892049784099573,0
0.07162814325628651,0
0.048260096520193044,0
0.07594615189230379,0
0.11201422402844806,0
0.041656083312166636,1
0.03683007366014733,1
0.09626619253238507,0
0.12446024892049784,1
0.023368046736093478,0
0.06680213360426722,0
0.04673609347218695,0
0.05537211074422149,0
0.06553213106426214,0
0.0919481838963678,1
0.09880619761239524,0
0.030480060960121926,0
0.13258826517653038,1
0.07874015748031497,1
0.18796037592075188,0
0.0934721869443739,1
0.09398018796037592,0
0.07823215646431295,1
0.0965201930403861,0
0.08915417830835662,0
0.08864617729235459,1
0.08382016764033529,0
0.10109220218440439,1
0.1615443230886462,0
0.0601981203962408,1
0.1297942595885192,0
0.030226060452120913,0
0.06248412496824994,0
0.08636017272034545,1
0.2926085852171704,0
0.08940817881635764,0
0.029464058928117858,0
0.056388112776225546,1
0.13487426974853953,0
0.026162052324104648,0
0.09779019558039118,1
0.13970027940055882,1
0.05664211328422658,0
0.029972059944119892,0
0.04978409956819914,0
0.05029210058420118,0
0.07239014478028957,0
0.056388112776225546,1
0.18643637287274578,0
0.18973837947675898,0
0.19202438404876812,0
0.2230124460248921,0
0.11023622047244097,0
0.13589027178054358,0
0.17500635001270004,1
0.06629413258826518,0
0.08204216408432818,0
0.13716027432054867,0
0.158496316992634,0
0.045466090932181874,0
0.15240030480060962,1
0.16510033020066042,0
0.21513843027686058,1
0.35458470916941837,0
0.11811023622047245,1
0.0965201930403861,0
0.12268224536449074,0
0.06756413512827025,0
0.11912623825247651,1
0.12115824231648464,1
0.554229108458217,0
0.06172212344424689,0
0.1328422656845314,1
0.14808229616459234,0
0.06477012954025908,0
0.07366014732029465,0
0.19989839979679963,1
0.2926085852171704,0
0.13538227076454154,0
0.1013462026924054,0
0.09956819913639828,0
0.2921005842011684,0
0.10337820675641352,0
0.07975615951231904,0
0.21945643891287786,0
0.10033020066040133,1
0.16840233680467365,0
0.031242062484124974,1
0.032004064008128025,1
0.06985013970027941,0
0.2773685547371095,1
0.09296418592837186,1
0.3126746253492507,0
0.08128016256032512,1
0.03632207264414529,1
0.09271018542037085,1
0.08026416052832105,0
0.04978409956819914,0
0.08636017272034545,0
0.09245618491236984,1
0.05029210058420118,0
0.05130810261620525,0
0.09169418338836678,0
0.09271018542037085,0
0.16865633731267465,0
0.05283210566421134,0
0.11506223012446026,0
0.12242824485648973,1
0.12471424942849887,1
0.0965201930403861,1
0.045466090932181874,0
0.10515621031242064,0
0.028448056896113797,0
0.02184404368808738,0
0.09042418084836171,0
0.08890017780035561,1
0.05943611887223775,0
0.020574041148082298,1
0.07696215392430786,0
0.09474218948437899,1
0.06832613665227331,0
0.05537211074422149,0
0.07543815087630175,1
0.0728981457962916,0
0.1028702057404115,0
0.08991617983235968,0
0.21717043434086872,0
0.03683007366014733,0
0.04318008636017272,1
0.0744221488442977,1
0.04699009398018797,1
0.06883413766827534,0
0.06527813055626111,0
0.04343408686817374,1
0.04953009906019812,0
0.030226060452120913,0
0.04927609855219711,0
0.08229616459232919,1
0.06527813055626111,0
0.1092202184404369,1
0.03733807467614936,0
0.1488442976885954,0
0.05511811023622047,1
0.16230632461264924,1
0.08001016002032005,1
0.08178816357632715,0
0.05105410210820423,1
0.08686817373634748,1
0.09220218440436882,1
0.16738633477266956,1
0.05359410718821438,0
0.11328422656845313,1
0.10515621031242064,0
0.047244094488188976,0
0.044196088392176786,0
0.06858013716027432,0
0.09118618237236475,0
0.21996443992887987,0
0.08534417068834138,1
0.2900685801371603,0
0.29895859791719587,0
0.1346202692405385,1
0.04800609601219204,1
0.08026416052832105,1
0.09271018542037085,1
0.25196850393700787,1
0.36398272796545594,0
0.16052832105664214,0
0.05029210058420118,0
0.06527813055626111,0
0.2644145288290577,0
0.11303022606045213,0
0.15392430784861572,0
0.11785623571247145,0
0.17221234442468886,0
0.06553213106426214,1
0.13360426720853444,0
0.06477012954025908,0
0.2600965201930404,0
0.14147828295656592,1
0.09321818643637288,0
0.11049022098044198,0
0.1551943103886208,0
0.05410210820421642,0
0.16992633985267971,0
0.06451612903225808,0
0.07086614173228348,0
0.13411226822453645,0
0.13411226822453645,0
0.14503429006858015,0
0.11811023622047245,0
0.06604013208026417,0
0.08915417830835662,0
0.040894081788163575,0
0.23164846329692665,0
0.20675641351282706,0
0.13893827787655577,0
0.0934721869443739,0
0.12141224282448565,1
0.10972821945643892,0
0.30149860299720604,0
0.0777241554483109,1
0.14071628143256287,0
0.0665481330962662,1
0.15925831851663705,1
0.16459232918465838,1
0.1775463550927102,1
0.3352806705613412,1
0.057658115316230635,0
0.06223012446024892,1
0.12319024638049278,0
0.10566421132842266,0
0.0523241046482093,0
0.13487426974853953,1
0.07086614173228348,0
0.09779019558039118,0
0.028448056896113797,0
0.12496824993649988,0
0.15443230886461773,0
0.04292608585217171,1
0.07518415036830074,1
0.13360426720853444,1
0.2659385318770638,0
0.1490982981965964,0
0.09017018034036069,1
0.08585217170434342,0
0.11988823977647958,0
0.10058420116840233,1
0.02590805181610364,1
0.09118618237236475,1
0.06146812293624587,0
0.06553213106426214,0
0.02438404876809754,1
0.16230632461264924,1
0.16383032766065533,1
0.05562611125222251,0
0.09855219710439422,1
0.13716027432054867,0
0.12649225298450598,0
0.06146812293624587,0
0.05359410718821438,0
0.048768097536195085,1
0.13512827025654053,0
0.08585217170434342,0
0.05410210820421642,1
0.1346202692405385,0
0.20802641605283212,1
0.0982981965963932,0
0.28600457200914403,0
0.7284734569469141,0
0.19405638811277626,0
0.1460502921005842,0
0.6858013716027433,0
0.9601219202438406,0
0.16433832867665737,0
0.12954025908051817,0
0.19075438150876306,0
0.7081534163068328,1
0.12141224282448565,0
0.29489458978917965,0
0.24333248666497337,0
0.09321818643637288,1
0.14503429006858015,0
0.07239014478028957,0
0.13817627635255272,0
0.24993649987299976,0
0.21132842265684534,1
0.12573025146050293,1
0.1170942341884684,1
0.1013462026924054,1
0.1442722885445771,1
0.3192786385572772,1
0.25247650495300994,1
0.19354838709677422,1
0.37541275082550174,1
0.27940055880111764,1
0.221996443992888,1
0.21894843789687585,0
0.23876047752095508,0
0.1871983743967488,0
0.32029464058928125,0
0.2153924307848616,0
0.10363220726441454,0
0.5770891541783085,1
0.4483108966217933,0
0.11277622555245112,1
0.44170688341376685,0
0.1960883921767844,1
0.3472186944373889,1
0.11988823977647958,1
0.49276098552197106,0
0.21793243586487174,0
0.11938023876047754,0
0.157988315976632,0
0.3896367792735586,0
0.06553213106426214,0
0.15290830581661166,1
0.18592837185674374,1
0.23012446024892053,0
0.1445262890525781,0
0.17856235712471427,0
0.14960629921259844,0
0.3106426212852426,1
0.1805943611887224,1
0.3058166116332233,1
0.26085852171704343,0
0.8836677673355349,0
0.17170434340868684,1
0.24358648717297438,1
0.1330962661925324,1
0.16916433832867667,0
0.4018288036576074,0
0.2616205232410465,1
0.16357632715265433,0
0.41630683261366525,1
0.16713233426466853,1
0.19202438404876812,1
0.4699009398018797,0
0.2550165100330201,0
0.09245618491236984,0
0.2296164592329185,0
0.16052832105664214,1
0.3429006858013716,1
0.07594615189230379,1
0.2296164592329185,1
0.23393446786893576,1
0.15163830327660657,1
0.14224028448056897,1
0.07594615189230379,1
0.04902209804419609,0
0.4673609347218695,0
0.16383032766065533,0
0.14249428498857,0
0.1976123952247905,0
0.4980949961899925,1
0.15163830327660657,0
0.20548641097282197,1
0.15976631953263906,0
0.395224790449581,0
0.2656845313690628,0
0.12115824231648464,0
0.14376428752857506,0
0.10007620015240032,1
0.06146812293624587,0
0.18618237236474475,0
0.02184404368808738,1
0.15621031242062486,0
0.17018034036068075,1
0.0601981203962408,0
0.3040386080772162,1
0.09499618999237999,0
0.1551943103886208,1
0.17195834391668785,1
0.21234442468884943,0
0.12090424180848364,1
0.0934721869443739,0
0.10007620015240032,0
0.13106426212852426,0
0.08839217678435358,1
0.25120650241300485,1
0.08178816357632715,0
0.12166624333248666,0
0.13817627635255272,0
0.06146812293624587,0
0.253238506477013,1
0.13817627635255272,1
0.17653035306070614,1
0.11760223520447044,0
0.03708407416814834,0
0.10871221742443486,0
0.06781813563627127,1
0.45542291084582176,0
0.095250190500381,0
0.33324866649733303,0
0.23215646431292866,1
0.20015240030480064,0
0.174498348996698,1
0.42748285496571,0
0.2390144780289561,0
0.06248412496824994,0
0.15621031242062486,0
0.06070612141224284,0
0.08229616459232919,1
0.11684023368046736,1
0.1203962407924816,0
0.1092202184404369,0
0.1206502413004826,0
0.14960629921259844,0
0.21336042672085348,0
0.09753619507239017,1
0.15468630937261876,1
0.16357632715265433,0
0.11176022352044705,0
0.15621031242062486,0
0.11684023368046736,0
0.04749809499619001,1
0.10414020828041658,0
0.1125222250444501,0
0.09271018542037085,0
0.11938023876047754,1
0.11760223520447044,0
0.23164846329692665,1
0.07264414528829058,0
0.3898907797815596,0
0.19583439166878336,1
0.15062230124460252,1
0.1297942595885192,1
0.07975615951231904,1
0.13690627381254764,1
0.07594615189230379,1
0.051816103632207275,0
0.05080010160020321,0
0.08102616205232412,1
0.08153416306832614,0
0.3423926847853696,1
0.06299212598425198,1
0.09296418592837186,0
0.12700025400050802,1
0.11328422656845313,1
0.09296418592837186,1
0.09677419354838711,1
0.11277622555245112,0
0.03352806705613412,0
0.1617983235966472,1
0.1569723139446279,1
0.06045212090424182,0
0.09118618237236475,0
0.09423418846837693,1
0.20574041148082298,0
0.10337820675641352,0
0.08915417830835662,0
0.08305816611633224,0
0.09753619507239017,0
0.11303022606045213,0
0.10414020828041658,0
0.04953009906019812,1
0.07112014224028448,1
0.07569215138430278,1
0.08839217678435358,0
0.1140462280924562,1
0.04318008636017272,0
0.03632207264414529,0
0.023876047752095512,0
0.09220218440436882,0
0.04902209804419609,0
0.13563627127254257,1
0.12598425196850394,0
0.0728981457962916,0
0.08966217932435866,1
0.13411226822453645,1
0.057404114808229614,1
0.1016002032004064,1
0.16586233172466347,1
0.06705613411226824,0
0.030226060452120913,0
0.10591821183642368,1
0.08839217678435358,1
0.06375412750825502,0
0.0982981965963932,0
0.17221234442468886,1
0.05994411988823978,1
0.07340614681229364,1
0.2621285242570485,0
0.056388112776225546,0
0.06299212598425198,0
0.05689611379222759,1
0.08280416560833122,0
0.18745237490474984,0
0.12573025146050293,1
1.0000000000000002,0
0.24663449326898657,0
0.06883413766827534,0
0.05207010414020828,0
0.1046482092964186,0
0.16687833375666752,0
0.0982981965963932,0
0.08813817627635255,0
0.13233426466852935,0
0.06705613411226824,0
0.2458724917449835,0
0.16078232156464314,0
0.21158242316484635,0
0.09728219456438914,0
0.08991617983235968,1
0.1079502159004318,0
0.10007620015240032,1
0.12217424434848873,0
0.10591821183642368,1
0.12192024384048769,0
0.08432816865633731,1
0.157988315976632,1
0.08178816357632715,0
0.1300482600965202,0
0.06832613665227331,0
0.06400812801625604,1
0.04368808737617476,0
0.2016764033528067,1
0.06553213106426214,1
0.095250190500381,0
0.04394208788417578,0
0.06273812547625095,0
0.08585217170434342,0
0.15900431800863604,0
0.13385826771653545,0
0.038608077216154446,1
0.08382016764033529,0
0.0523241046482093,0
0.64744729489459,0
0.19354838709677422,0
0.05537211074422149,0
0.0728981457962916,0
0.10541021082042165,1
0.07416814833629667,0
0.17602235204470412,0
0.021590043180086362,1
0.07645415290830582,0
0.14249428498857,0
0.1678943357886716,0
0.11277622555245112,1
0.0601981203962408,0
0.06578613157226315,0
0.04572009144018288,0
0.0538481076962154,1
0.09855219710439422,1
0.21209042418084836,1
0.09398018796037592,0
0.17018034036068075,0
0.21844043688087378,0
0.23342646685293372,1
0.15087630175260353,0
0.14071628143256287,1
0.18745237490474984,0
0.07899415798831598,0
0.09017018034036069,0
0.0586741173482347,0
0.09855219710439422,0
0.08585217170434342,0
0.3901447802895606,0
0.06985013970027941,0
0.15011430022860048,0
0.2654305308610618,0
0.2567945135890272,0
0.17297434594869193,0
0.12446024892049784,0
0.04775209550419102,0
0.2981965963931928,0
0.18770637541275084,0
0.18110236220472445,0
0.11531623063246127,1
0.1297942595885192,1
0.10236220472440946,1
0.1615443230886462,0
0.1836423672847346,1
0.0728981457962916,1
0.15443230886461773,0
0.07645415290830582,0
0.1630683261366523,1
0.07823215646431295,0
0.057912115824231655,0
0.10439420878841758,0
0.24384048768097538,0
0.06959613919227839,0
0.045212090424180854,1
0.03708407416814834,1
0.044704089408178826,0
0.14122428244856491,0
0.05130810261620525,0
0.12014224028448059,1
0.15595631191262385,1
0.11379222758445519,1
0.1711963423926848,1
0.06426212852425706,0
0.13512827025654053,0
0.09042418084836171,1
0.1871983743967488,0
0.10947421894843791,1
0.27178054356108716,1
0.20777241554483108,0
0.07569215138430278,1
0.22428244856489715,1
0.054610109220218445,1
0.1188722377444755,1
0.12217424434848873,0
0.16256032512065027,0
0.13436626873253746,0
0.3210566421132843,0
0.0650241300482601,0
0.14071628143256287,0
0.24511049022098047,0
0.13487426974853953,1
0.32969265938531883,1
0.09169418338836678,0
0.2626365252730506,0
0.27178054356108716,0
0.24333248666497337,0
0.12801625603251207,0
0.08534417068834138,0
0.14630429260858524,1
0.13817627635255272,1
0.1076962153924308,1
0.1488442976885954,0
0.1976123952247905,1
0.2651765303530607,1
0.24434848869697745,0
0.23342646685293372,0
0.16357632715265433,1
0.1884683769367539,1
0.3157226314452629,0
0.20955041910083821,1
0.18592837185674374,1
0.1871983743967488,0
0.13258826517653038,0
0.24206248412496828,0
0.19939039878079756,0
0.21818643637287277,1
0.17322834645669294,1
0.23850647701295405,0
0.15036830073660148,1
0.1318262636525273,0
0.20980441960883922,0
0.13436626873253746,0
0.2186944373888748,0
0.2631445262890526,1
0.1490982981965964,0
0.3075946151892304,0
0.17475234950469903,0
0.11480822961645924,1
0.17322834645669294,1
0.28194056388112776,0
0.4457708915417831,1
0.24536449072898148,1
0.11480822961645924,0
0.17322834645669294,1
0.4008128016256033,0
0.2926085852171704,0
0.2839725679451359,0
0.47904495808991626,0
0.23037846075692153,0
0.5057150114300231,1
0.427990855981712,0
0.6065532131064264,0
0.3738887477774956,1
0.27000254000508006,0
0.15443230886461773,0
0.40106680213360435,1
0.3703327406654814,0
0.18643637287274578,0
0.4942849885699772,0
0.7645415290830583,0
0.6164592329184659,0
0.44018288036576075,0
0.4005588011176023,1
0.43027686055372116,1
0.3439166878333757,0
0.27813055626111255,0
0.2232664465328931,1
0.1833883667767336,0
0.30454660909321823,0
0.43662687325374655,0
0.15087630175260353,0
0.26949453898907805,0
0.2725425450850902,0
0.29387858775717557,1
